accession,uniprot_accession,organism,organism_type,gh_family,chain_length,foldx_wt_total_energy,foldx_energy_per_residue,hbond_proxy_count,salt_bridge_count,disulfide_count,sasa_total,hbond_per_res,salt_bridge_per_res,disulfide_per_res,sasa_per_res,structure_branch,source,foldx_structure_branch
C7NM83,C7NM83,Halorhabdus utahensis (strain DSM 12940 / JCM 11049 / AX-2),archaea,GH10,328.0,206.798,0.6304817073170732,300.0,14.0,0.0,14498.97,0.9146341463414634,0.0426829268292682,0.0,44.20417682926829,Homology,MODELLER,Homology
C7NP66,C7NP66,Halorhabdus utahensis (strain DSM 12940 / JCM 11049 / AX-2),archaea,GH10,317.0,135.854,0.4285615141955836,301.0,16.0,0.0,14949.04,0.9495268138801262,0.0504731861198738,0.0,47.15785488958991,Homology,MODELLER,Homology
C7NV87,C7NV87,Halorhabdus utahensis (strain DSM 12940 / JCM 11049 / AX-2),archaea,GH10,975.0,2988.63,3.0652615384615385,979.0,16.0,0.0,90627.36,1.004102564102564,0.0164102564102564,0.0,92.95113846153846,Homology,MODELLER,Homology
C7NVN5,C7NVN5,Halorhabdus utahensis (strain DSM 12940 / JCM 11049 / AX-2),archaea,GH10,831.0,3387.32,4.076197352587244,824.0,14.0,0.0,56238.58,0.9915764139590856,0.0168471720818291,0.0,67.67578820697955,Homology,MODELLER,Homology
D2RTV2,D2RTV2,Haloterrigena turkmenica (strain ATCC 51198 / DSM 5511 / JCM 9101 / NCIMB 13204 / VKM B-1734 / 4k) (Halococcus turkmenicus),archaea,GH10,482.0,1437.5,2.982365145228216,487.0,20.0,0.0,40792.07,1.0103734439834025,0.0414937759336099,0.0,84.63085062240664,Homology,MODELLER,Homology
C7NT54,C7NT54,Halorhabdus utahensis (strain DSM 12940 / JCM 11049 / AX-2),archaea,GH11,524.0,1345.54,2.567824427480916,542.0,2.0,0.0,50021.94,1.034351145038168,0.0038167938931297,0.0,95.46171755725192,Homology,MODELLER,Homology
C7NT55,C7NT55,Halorhabdus utahensis (strain DSM 12940 / JCM 11049 / AX-2),archaea,GH11,411.0,308.317,0.7501630170316302,450.0,5.0,0.0,34351.73,1.094890510948905,0.0121654501216545,0.0,83.58085158150853,Homology,MODELLER,Homology
A0AD65,A0AD65,Streptomyces ambofaciens (strain ATCC 23877 / 3486 / DSM 40053 / JCM 4204 / NBRC 12836 / NRRL B-2516),bacterial,GH10,446.0,197.187,0.4421233183856503,417.0,22.0,2.0,28850.41,0.9349775784753364,0.0493273542600896,0.0044843049327354,64.68701793721974,Homology,MODELLER,Homology
A0LR95,A0LR95,Acidothermus cellulolyticus (strain ATCC 43068 / DSM 8971 / 11B),bacterial,GH10,678.0,1201.43,1.7720206489675516,626.0,0.0,0.0,71551.78,0.9233038348082596,0.0,0.0,105.533598820059,Homology,MODELLER,Homology
A0LRT6,A0LRT6,Acidothermus cellulolyticus (strain ATCC 43068 / DSM 8971 / 11B),bacterial,GH10,389.0,460.228,1.1831053984575837,372.0,15.0,0.0,17274.85,0.9562982005141388,0.0385604113110539,0.0,44.40835475578406,Homology,MODELLER,Homology
A1TT53,A1TT53,Paracidovorax citrulli (strain AAC00-1) (Acidovorax citrulli),bacterial,GH10,325.0,517.568,1.592516923076923,305.0,11.0,0.0,13805.06,0.9384615384615383,0.0338461538461538,0.0,42.47710769230769,Homology,MODELLER,Homology
A3DH97,A3DH97,Acetivibrio thermocellus (strain ATCC 27405 / DSM 1237 / JCM 9322 / NBRC 103400 / NCIMB 10682 / NRRL B-4536 / VPI 7372) (Clostridium thermocellum),bacterial,GH10,760.0,3395.42,4.467657894736842,804.0,17.0,0.0,44694.69,1.0578947368421052,0.0223684210526315,0.0,58.80880263157895,Homology,MODELLER,Homology
A4IP71,A4IP71,Geobacillus thermodenitrificans (strain NG80-2),bacterial,GH10,407.0,33.8233,0.0831039312039312,356.0,24.0,0.0,20863.89,0.8746928746928747,0.0589680589680589,0.0,51.26262899262899,Homology,MODELLER,Homology
A4IP84,A4IP84,Geobacillus thermodenitrificans (strain NG80-2),bacterial,GH10,333.0,31.4079,0.094318018018018,292.0,26.0,0.0,14922.67,0.8768768768768769,0.078078078078078,0.0,44.81282282282282,Homology,MODELLER,Homology
A4XG17,A4XG17,Caldicellulosiruptor saccharolyticus (strain ATCC 43494 / DSM 8903 / Tp8T 6331),bacterial,GH10,408.0,704.357,1.7263651960784312,407.0,12.0,0.0,17940.48,0.9975490196078431,0.0294117647058823,0.0,43.97176470588235,Homology,MODELLER,Homology
A4XHD0,A4XHD0,Caldicellulosiruptor saccharolyticus (strain ATCC 43494 / DSM 8903 / Tp8T 6331),bacterial,GH10,686.0,2891.18,4.214548104956268,683.0,16.0,0.0,38535.02,0.9956268221574344,0.0233236151603498,0.0,56.17349854227405,Homology,MODELLER,Homology
A4XM47,A4XM47,Caldicellulosiruptor saccharolyticus (strain ATCC 43494 / DSM 8903 / Tp8T 6331),bacterial,GH10,312.0,324.283,1.0393685897435898,292.0,11.0,0.0,15035.3,0.935897435897436,0.0352564102564102,0.0,48.1900641025641,Homology,MODELLER,Homology
A4XM50,A4XM50,Caldicellulosiruptor saccharolyticus (strain ATCC 43494 / DSM 8903 / Tp8T 6331),bacterial,GH10,337.0,11.3228,0.0335988130563798,294.0,31.0,0.0,15772.49,0.8724035608308606,0.0919881305637982,0.0,46.8026409495549,Homology,MODELLER,Homology
A4XM52,A4XM52,Caldicellulosiruptor saccharolyticus (strain ATCC 43494 / DSM 8903 / Tp8T 6331),bacterial,GH10,700.0,2461.58,3.516542857142857,735.0,19.0,0.0,41365.39,1.05,0.0271428571428571,0.0,59.09341428571428,Homology,MODELLER,Homology
A5CM25,A5CM25,Clavibacter michiganensis subsp. michiganensis (strain NCPPB 382),bacterial,GH10,543.0,684.078,1.2598121546961325,516.0,15.0,0.0,39006.12,0.9502762430939228,0.0276243093922651,0.0,71.83447513812155,Homology,MODELLER,Homology
A5CRL6,A5CRL6,Clavibacter michiganensis subsp. michiganensis (strain NCPPB 382),bacterial,GH10,431.0,537.429,1.246935034802784,395.0,12.0,0.0,20083.35,0.9164733178654292,0.0278422273781902,0.0,46.59709976798143,Homology,MODELLER,Homology
A5CRL7,A5CRL7,Clavibacter michiganensis subsp. michiganensis (strain NCPPB 382),bacterial,GH10,669.0,1275.77,1.906980568011958,649.0,13.0,0.0,43816.39,0.9701046337817638,0.0194319880418535,0.0,65.49535127055306,Homology,MODELLER,Homology
A5FD49,A5FD49,Flavobacterium johnsoniae (strain ATCC 17061 / DSM 2064 / JCM 8514 / BCRC 14874 / CCUG 350202 / NBRC 14942 / NCIMB 11054 / UW101) (Cytophaga johnsonae),bacterial,GH10,463.0,1596.45,3.4480561555075595,457.0,17.0,0.0,20106.33,0.9870410367170628,0.0367170626349892,0.0,43.42619870410368,Homology,MODELLER,Homology
A5FI54,A5FI54,Flavobacterium johnsoniae (strain ATCC 17061 / DSM 2064 / JCM 8514 / BCRC 14874 / CCUG 350202 / NBRC 14942 / NCIMB 11054 / UW101) (Cytophaga johnsonae),bacterial,GH10,364.0,225.745,0.6201785714285715,353.0,15.0,0.0,17810.95,0.9697802197802198,0.0412087912087912,0.0,48.93118131868132,Homology,MODELLER,Homology
A5FIE5,A5FIE5,Flavobacterium johnsoniae (strain ATCC 17061 / DSM 2064 / JCM 8514 / BCRC 14874 / CCUG 350202 / NBRC 14942 / NCIMB 11054 / UW101) (Cytophaga johnsonae),bacterial,GH10,369.0,139.865,0.3790379403794038,331.0,18.0,0.0,18930.4,0.8970189701897019,0.048780487804878,0.0,51.3018970189702,Homology,MODELLER,Homology
A5IL09,A5IL09,Thermotoga petrophila (strain ATCC BAA-488 / DSM 13995 / JCM 10881 / RKU-1),bacterial,GH10,1059.0,1777.46,1.6784324834749764,1002.0,9.0,0.0,130463.38,0.9461756373937678,0.0084985835694051,0.0,123.1948819641171,Homology,MODELLER,Homology
A6W5F0,A6W5F0,Kineococcus radiotolerans (strain ATCC BAA-149 / DSM 14245 / SRS30216),bacterial,GH10,398.0,701.166,1.7617236180904523,380.0,19.0,0.0,17637.83,0.9547738693467336,0.0477386934673366,0.0,44.31615577889448,Homology,MODELLER,Homology
A6W6W7,A6W6W7,Kineococcus radiotolerans (strain ATCC BAA-149 / DSM 14245 / SRS30216),bacterial,GH10,912.0,1435.69,1.5742214912280703,885.0,18.0,0.0,76598.27,0.9703947368421052,0.0197368421052631,0.0,83.98933114035088,Homology,MODELLER,Homology
A6WB34,A6WB34,Kineococcus radiotolerans (strain ATCC BAA-149 / DSM 14245 / SRS30216),bacterial,GH10,465.0,458.08,0.9851182795698924,442.0,13.0,0.0,30695.34,0.9505376344086022,0.0279569892473118,0.0,66.01148387096774,Homology,MODELLER,Homology
A6XB98,A6XB98,Sorangium cellulosum (Polyangium cellulosum),bacterial,GH10,398.0,720.012,1.8090753768844217,389.0,10.0,0.0,17349.83,0.9773869346733668,0.0251256281407035,0.0,43.59253768844221,Homology,MODELLER,Homology
A7TVD4,A7TVD4,Streptomyces fradiae (Streptomyces roseoflavus),bacterial,GH10,478.0,157.355,0.329194560669456,438.0,30.0,5.0,22100.62,0.9163179916317992,0.0627615062761506,0.0104602510460251,46.235606694560666,Homology,MODELLER,Homology
A7UG54,A7UG54,Fibrobacter succinogenes (strain ATCC 19169 / S85),bacterial,GH10,549.0,1954.91,3.560856102003643,529.0,11.0,0.0,30527.9,0.9635701275045536,0.0200364298724954,0.0,55.60637522768671,Homology,MODELLER,Homology
A8F6C7,A8F6C7,Pseudothermotoga lettingae (strain ATCC BAA-301 / DSM 14385 / NBRC 107922 / TMO) (Thermotoga lettingae),bacterial,GH10,451.0,1022.97,2.2682261640798225,443.0,13.0,0.0,21236.05,0.9822616407982262,0.0288248337028824,0.0,47.08658536585366,Homology,MODELLER,Homology
A8FDC5,A8FDC5,Bacillus pumilus (strain SAFR-032),bacterial,GH10,409.0,861.4,2.1061124694376527,401.0,20.0,0.0,18989.99,0.980440097799511,0.0488997555012225,0.0,46.43029339853301,Homology,MODELLER,Homology
A9B286,A9B286,Herpetosiphon aurantiacus (strain ATCC 23779 / DSM 785 / 114-95),bacterial,GH10,628.0,1417.13,2.2565764331210194,508.0,0.0,0.0,85862.37,0.8089171974522293,0.0,0.0,136.72351910828024,Homology,MODELLER,Homology
A9BJ30,A9BJ30,Petrotoga mobilis (strain DSM 10674 / SJ95),bacterial,GH10,1041.0,1306.63,1.255168107588857,967.0,11.0,0.0,130962.69,0.9289145052833814,0.010566762728146,0.0,125.80469740634004,Homology,MODELLER,Homology
A9ER43,A9ER43,Sorangium cellulosum (strain So ce56) (Polyangium cellulosum (strain So ce56)),bacterial,GH10,398.0,903.827,2.270922110552764,392.0,2.0,0.0,17405.71,0.984924623115578,0.0050251256281407,0.0,43.73293969849246,Homology,MODELLER,Homology
A9F9G9,A9F9G9,Sorangium cellulosum (strain So ce56) (Polyangium cellulosum (strain So ce56)),bacterial,GH10,273.0,281.251,1.0302234432234432,255.0,11.0,0.0,12674.01,0.934065934065934,0.0402930402930402,0.0,46.424945054945056,Homology,MODELLER,Homology
A9F9J8,A9F9J8,Sorangium cellulosum (strain So ce56) (Polyangium cellulosum (strain So ce56)),bacterial,GH10,402.0,839.164,2.0874726368159204,402.0,6.0,0.0,17683.91,1.0,0.0149253731343283,0.0,43.98982587064677,Homology,MODELLER,Homology
A9FW62,A9FW62,Sorangium cellulosum (strain So ce56) (Polyangium cellulosum (strain So ce56)),bacterial,GH10,449.0,1257.0,2.799554565701559,449.0,13.0,1.0,17657.26,1.0,0.0289532293986636,0.0022271714922048,39.32574610244989,Homology,MODELLER,Homology
A9GMS2,A9GMS2,Sorangium cellulosum (strain So ce56) (Polyangium cellulosum (strain So ce56)),bacterial,GH10,363.0,523.247,1.4414517906336086,348.0,12.0,0.0,17931.8,0.9586776859504132,0.0330578512396694,0.0,49.39889807162534,Homology,MODELLER,Homology
A9GSV7,A9GSV7,Sorangium cellulosum (strain So ce56) (Polyangium cellulosum (strain So ce56)),bacterial,GH10,353.0,171.459,0.4857195467422096,330.0,17.0,0.0,15776.03,0.9348441926345608,0.0481586402266288,0.0,44.69130311614731,Homology,MODELLER,Homology
A9KJ12,A9KJ12,Lachnoclostridium phytofermentans (strain ATCC 700394 / DSM 18823 / ISDg) (Clostridium phytofermentans),bacterial,GH10,756.0,2320.53,3.069484126984128,770.0,15.0,0.0,49637.1,1.0185185185185186,0.0198412698412698,0.0,65.65753968253968,Homology,MODELLER,Homology
A9KJ62,A9KJ62,Lachnoclostridium phytofermentans (strain ATCC 700394 / DSM 18823 / ISDg) (Clostridium phytofermentans),bacterial,GH10,806.0,2958.16,3.6701736972704713,849.0,22.0,0.0,48202.08,1.053349875930521,0.0272952853598014,0.0,59.80406947890819,Homology,MODELLER,Homology
A9KL60,A9KL60,Lachnoclostridium phytofermentans (strain ATCC 700394 / DSM 18823 / ISDg) (Clostridium phytofermentans),bacterial,GH10,2457.0,4765.26,1.93946275946276,2274.0,21.0,0.0,257660.27,0.9255189255189256,0.0085470085470085,0.0,104.86783475783476,Homology,MODELLER,Homology
A9KPY5,A9KPY5,Lachnoclostridium phytofermentans (strain ATCC 700394 / DSM 18823 / ISDg) (Clostridium phytofermentans),bacterial,GH10,520.0,1256.58,2.4165,509.0,9.0,0.0,28593.83,0.9788461538461538,0.0173076923076923,0.0,54.98813461538462,Homology,MODELLER,Homology
A9KQ55,A9KQ55,Lachnoclostridium phytofermentans (strain ATCC 700394 / DSM 18823 / ISDg) (Clostridium phytofermentans),bacterial,GH10,321.0,66.4319,0.2069529595015576,282.0,24.0,0.0,14782.86,0.8785046728971962,0.0747663551401869,0.0,46.05252336448599,Homology,MODELLER,Homology
B0C274,B0C274,Acaryochloris marina (strain MBIC 11017),bacterial,GH10,532.0,1246.33,2.342725563909774,511.0,6.0,0.0,24903.06,0.9605263157894736,0.0112781954887218,0.0,46.81026315789474,Homology,MODELLER,Homology
B0RHV2,B0RHV2,Clavibacter sepedonicus (Clavibacter michiganensis subsp. sepedonicus),bacterial,GH10,434.0,753.623,1.7364585253456222,429.0,14.0,0.0,21581.32,0.988479262672811,0.032258064516129,0.0,49.72654377880184,Homology,MODELLER,Homology
B0SWF4,B0SWF4,Caulobacter sp. (strain K31),bacterial,GH10,388.0,752.706,1.9399639175257728,368.0,11.0,0.0,17922.27,0.9484536082474226,0.0283505154639175,0.0,46.1914175257732,Homology,MODELLER,Homology
B0T4M1,B0T4M1,Caulobacter sp. (strain K31),bacterial,GH10,386.0,381.682,0.9888134715025908,361.0,17.0,0.0,20614.45,0.9352331606217616,0.044041450777202,0.0,53.40531088082902,Homology,MODELLER,Homology
B1A3N2,B1A3N2,Paenibacillus curdlanolyticus,bacterial,GH10,1276.0,2779.52,2.178307210031348,1127.0,23.0,0.0,145278.4,0.8832288401253918,0.0180250783699059,0.0,113.85454545454544,Homology,MODELLER,Homology
B1LZ39,B1LZ39,Methylobacterium radiotolerans (strain ATCC 27329 / DSM 1819 / JCM 2831 / NBRC 15690 / NCIMB 10815 / 0-1),bacterial,GH10,392.0,575.038,1.466933673469388,382.0,15.0,0.0,18649.23,0.9744897959183674,0.0382653061224489,0.0,47.57456632653061,Homology,MODELLER,Homology
B1ZN37,B1ZN37,Opitutus terrae (strain DSM 11246 / JCM 15787 / PB90-1),bacterial,GH10,606.0,1803.86,2.9766666666666666,585.0,19.0,0.0,29522.32,0.9653465346534652,0.0313531353135313,0.0,48.716699669967,Homology,MODELLER,Homology
B1ZNF5,B1ZNF5,Opitutus terrae (strain DSM 11246 / JCM 15787 / PB90-1),bacterial,GH10,1018.0,1219.36,1.1977996070726915,910.0,19.0,0.0,104603.03,0.8939096267190569,0.018664047151277,0.0,102.75346758349706,Homology,MODELLER,Homology
B1ZPQ7,B1ZPQ7,Opitutus terrae (strain DSM 11246 / JCM 15787 / PB90-1),bacterial,GH10,382.0,152.693,0.3997198952879581,348.0,17.0,0.0,20399.37,0.9109947643979056,0.0445026178010471,0.0,53.40149214659686,Homology,MODELLER,Homology
B1ZXE4,B1ZXE4,Opitutus terrae (strain DSM 11246 / JCM 15787 / PB90-1),bacterial,GH10,451.0,949.992,2.106412416851441,446.0,8.0,0.0,24650.85,0.9889135254988912,0.0177383592017738,0.0,54.65820399113082,Homology,MODELLER,Homology
B1ZXI4,B1ZXI4,Opitutus terrae (strain DSM 11246 / JCM 15787 / PB90-1),bacterial,GH10,417.0,751.905,1.8031294964028777,414.0,24.0,0.0,19845.35,0.9928057553956836,0.0575539568345323,0.0,47.59076738609112,Homology,MODELLER,Homology
B2A0C7,B2A0C7,Opitutus terrae (strain DSM 11246 / JCM 15787 / PB90-1),bacterial,GH10,721.0,3175.47,4.404257975034674,761.0,7.0,0.0,34140.82,1.0554785020804438,0.0097087378640776,0.0,47.35203883495146,Homology,MODELLER,Homology
B2BZ80,B2BZ80,Cellulosimicrobium sp. HY-12,bacterial,GH10,395.0,898.739,2.275288607594937,373.0,12.0,1.0,15838.61,0.9443037974683544,0.030379746835443,0.0025316455696202,40.09774683544304,Homology,MODELLER,Homology
B2IJA6,B2IJA6,Beijerinckia indica subsp. indica (strain ATCC 9039 / DSM 1715 / NCIMB 8712),bacterial,GH10,770.0,2790.89,3.6245324675324673,787.0,22.0,0.0,49025.04,1.022077922077922,0.0285714285714285,0.0,63.66888311688312,Homology,MODELLER,Homology
B2IZC2,B2IZC2,Nostoc punctiforme (strain ATCC 29133 / PCC 73102),bacterial,GH10,427.0,855.656,2.003878220140515,428.0,8.0,0.0,19734.02,1.0023419203747073,0.018735362997658,0.0,46.21550351288057,Homology,MODELLER,Homology
B2IZQ1,B2IZQ1,Nostoc punctiforme (strain ATCC 29133 / PCC 73102),bacterial,GH10,387.0,534.47,1.381059431524548,370.0,12.0,0.0,18417.55,0.9560723514211886,0.0310077519379844,0.0,47.590568475452194,Homology,MODELLER,Homology
B3PC74,B3PC74,Cellvibrio japonicus (strain Ueda107) (Pseudomonas fluorescens subsp. cellulosa),bacterial,GH10,378.0,29.4345,0.0778690476190476,333.0,28.0,0.0,19544.7,0.8809523809523809,0.074074074074074,0.0,51.70555555555556,Homology,MODELLER,Homology
B3PDA8,B3PDA8,Cellvibrio japonicus (strain Ueda107) (Pseudomonas fluorescens subsp. cellulosa),bacterial,GH10,606.0,646.042,1.066075907590759,573.0,13.0,0.0,44327.07,0.9455445544554456,0.0214521452145214,0.0,73.1469801980198,Homology,MODELLER,Homology
B3PWG3,B3PWG3,Rhizobium etli (strain CIAT 652),bacterial,GH10,357.0,507.436,1.421389355742297,339.0,12.0,0.0,16561.01,0.9495798319327732,0.0336134453781512,0.0,46.3893837535014,Homology,MODELLER,Homology
B4RAV8,B4RAV8,Phenylobacterium zucineum (strain HLK1),bacterial,GH10,396.0,471.588,1.190878787878788,370.0,19.0,0.0,19298.97,0.9343434343434344,0.0479797979797979,0.0,48.73477272727273,Homology,MODELLER,Homology
B4RGI4,B4RGI4,Phenylobacterium zucineum (strain HLK1),bacterial,GH10,378.0,458.087,1.2118703703703704,353.0,17.0,0.0,18165.96,0.9338624338624338,0.0449735449735449,0.0,48.058095238095234,Homology,MODELLER,Homology
B4RGI6,B4RGI6,Phenylobacterium zucineum (strain HLK1),bacterial,GH10,362.0,654.125,1.8069751381215469,346.0,17.0,0.0,15113.54,0.9558011049723756,0.0469613259668508,0.0,41.75011049723757,Homology,MODELLER,Homology
B5M201,B5M201,Geobacillus sp. WBI,bacterial,GH10,407.0,13.0327,0.0320213759213759,362.0,24.0,0.0,20354.01,0.8894348894348895,0.0589680589680589,0.0,50.00985257985258,Homology,MODELLER,Homology
B5YA84,B5YA84,Dictyoglomus thermophilum (strain ATCC 35947 / DSM 3960 / H-6-12),bacterial,GH10,352.0,87.5093,0.2486059659090909,313.0,21.0,0.0,18376.5,0.8892045454545454,0.0596590909090909,0.0,52.20596590909091,Homology,MODELLER,Homology
B6VF01,B6VF01,Paenibacillus sp. HPL-001,bacterial,GH10,331.0,110.452,0.3336918429003021,294.0,22.0,0.0,14537.88,0.8882175226586103,0.066465256797583,0.0,43.92108761329305,Homology,MODELLER,Homology
B6ZK52,B6ZK52,Streptomyces lasalocidi (Streptomyces lasaliensis),bacterial,GH10,353.0,307.449,0.8709603399433428,331.0,23.0,0.0,15575.06,0.9376770538243626,0.065155807365439,0.0,44.12198300283286,Homology,MODELLER,Homology
B7K395,B7K395,Rippkaea orientalis (strain PCC 8801 / RF-1) (Cyanothece sp. (strain PCC 8801)),bacterial,GH10,521.0,1373.54,2.6363531669865643,519.0,9.0,0.0,30889.41,0.9961612284069098,0.0172744721689059,0.0,59.288694817658346,Homology,MODELLER,Homology
B8E346,B8E346,Dictyoglomus turgidum (strain DSM 6724 / Z-1310),bacterial,GH10,323.0,8.44373,0.0261415789473684,287.0,19.0,0.0,14498.38,0.8885448916408669,0.0588235294117647,0.0,44.8866253869969,Homology,MODELLER,Homology
B8E3B3,B8E3B3,Dictyoglomus turgidum (strain DSM 6724 / Z-1310),bacterial,GH10,1037.0,1516.46,1.4623529411764706,982.0,11.0,0.0,129606.84,0.9469623915139826,0.0106075216972034,0.0,124.98248794599807,Homology,MODELLER,Homology
B8HDP0,B8HDP0,Pseudarthrobacter chlorophenolicus (strain ATCC 700700 / DSM 12829 / CIP 107037 / JCM 12360 / KCTC 9906 / NCIMB 13794 / A6) (Arthrobacter chlorophenolicus),bacterial,GH10,561.0,2093.38,3.731515151515152,564.0,21.0,0.0,23516.27,1.0053475935828875,0.0374331550802139,0.0,41.91848484848485,Homology,MODELLER,Homology
B8HLM8,B8HLM8,Cyanothece sp. (strain PCC 7425 / ATCC 29141),bacterial,GH10,401.0,645.453,1.6096084788029923,373.0,12.0,0.0,19455.84,0.9301745635910224,0.0299251870324189,0.0,48.518304239401495,Homology,MODELLER,Homology
B8I0L1,B8I0L1,Ruminiclostridium cellulolyticum (strain ATCC 35319 / DSM 5812 / JCM 6584 / H10) (Clostridium cellulolyticum),bacterial,GH10,541.0,1122.36,2.0746025878003693,520.0,12.0,0.0,35301.28,0.9611829944547134,0.022181146025878,0.0,65.25190388170056,Homology,MODELLER,Homology
B8I4I7,B8I4I7,Ruminiclostridium cellulolyticum (strain ATCC 35319 / DSM 5812 / JCM 6584 / H10) (Clostridium cellulolyticum),bacterial,GH10,428.0,802.37,1.874696261682243,418.0,9.0,0.0,19300.9,0.9766355140186916,0.0210280373831775,0.0,45.09556074766356,Homology,MODELLER,Homology
B8I5B9,B8I5B9,Ruminiclostridium cellulolyticum (strain ATCC 35319 / DSM 5812 / JCM 6584 / H10) (Clostridium cellulolyticum),bacterial,GH10,1495.0,1774.66,1.1870635451505018,1399.0,15.0,0.0,170872.5,0.9357859531772575,0.0100334448160535,0.0,114.29598662207358,Homology,MODELLER,Homology
B8I5C0,B8I5C0,Ruminiclostridium cellulolyticum (strain ATCC 35319 / DSM 5812 / JCM 6584 / H10) (Clostridium cellulolyticum),bacterial,GH10,1050.0,2254.92,2.147542857142857,914.0,14.0,0.0,126651.97,0.8704761904761905,0.0133333333333333,0.0,120.62092380952382,Homology,MODELLER,Homology
B8XY24,B8XY24,Kocuria sp. MN22,bacterial,GH10,389.0,525.774,1.35160411311054,355.0,17.0,0.0,18066.21,0.9125964010282775,0.0437017994858611,0.0,46.442699228791774,Homology,MODELLER,Homology
B9K766,B9K766,Thermotoga neapolitana (strain ATCC 49049 / DSM 4359 / NBRC 107923 / NS-E),bacterial,GH10,346.0,-17.3551,-0.0501592485549132,314.0,31.0,0.0,16462.23,0.907514450867052,0.0895953757225433,0.0,47.57869942196532,Homology,MODELLER,Homology
B9K775,B9K775,Thermotoga neapolitana (strain ATCC 49049 / DSM 4359 / NBRC 107923 / NS-E),bacterial,GH10,1059.0,2416.34,2.2817186024551463,972.0,10.0,0.0,140084.41,0.9178470254957508,0.0094428706326723,0.0,132.27989612842305,Homology,MODELLER,Homology
B9K945,B9K945,Thermotoga neapolitana (strain ATCC 49049 / DSM 4359 / NBRC 107923 / NS-E),bacterial,GH10,1022.0,1576.88,1.54293542074364,950.0,6.0,0.0,128455.82,0.929549902152642,0.0058708414872798,0.0,125.69062622309198,Homology,MODELLER,Homology
B9MMA3,B9MMA3,Caldicellulosiruptor bescii (strain ATCC BAA-1888 / DSM 6725 / KCTC 15123 / Z-1320) (Anaerocellum thermophilum),bacterial,GH10,697.0,2395.03,3.436197991391679,701.0,21.0,0.0,42438.41,1.005738880918221,0.0301291248206599,0.0,60.88724533715926,Homology,MODELLER,Homology
B9MPZ4,B9MPZ4,Caldicellulosiruptor bescii (strain ATCC BAA-1888 / DSM 6725 / KCTC 15123 / Z-1320) (Anaerocellum thermophilum),bacterial,GH10,408.0,509.998,1.2499950980392156,393.0,9.0,0.0,18733.11,0.9632352941176472,0.0220588235294117,0.0,45.91448529411765,Homology,MODELLER,Homology
B9VSZ3,B9VSZ3,Demequina sp. JK4,bacterial,GH10,471.0,222.929,0.4733099787685775,441.0,23.0,2.0,32391.64,0.9363057324840764,0.048832271762208,0.0042462845010615,68.77205944798301,Homology,MODELLER,Homology
C0INJ5,C0INJ5,uncultured bacterium BLR13,bacterial,GH10,382.0,487.415,1.275955497382199,362.0,20.0,0.0,18094.62,0.9476439790575916,0.0523560209424083,0.0,47.36811518324607,Homology,MODELLER,Homology
C0LK93,C0LK93,Paraglaciecola mesophila,bacterial,GH10,423.0,176.55,0.4173758865248227,389.0,16.0,0.0,25446.4,0.9196217494089834,0.0378250591016548,0.0,60.15697399527187,Homology,MODELLER,Homology
C0M1B6,C0M1B6,Flavobacterium sp. LW53,bacterial,GH10,369.0,123.37,0.3343360433604336,330.0,19.0,0.0,18963.0,0.8943089430894309,0.051490514905149,0.0,51.39024390243903,Homology,MODELLER,Homology
C1F8L6,C1F8L6,Acidobacterium capsulatum (strain ATCC 51196 / DSM 11244 / BCRC 80197 / JCM 7670 / NBRC 15755 / NCIMB 13165 / 161),bacterial,GH10,377.0,332.834,0.8828488063660478,345.0,16.0,0.0,19069.96,0.9151193633952256,0.0424403183023872,0.0,50.58344827586207,Homology,MODELLER,Homology
C3RYK8,C3RYK8,Streptomyces sp. S27,bacterial,GH10,477.0,154.743,0.3244088050314465,438.0,30.0,4.0,22363.75,0.9182389937106918,0.0628930817610062,0.0083857442348008,46.884171907756816,Homology,MODELLER,Homology
C5BKG0,C5BKG0,Teredinibacter turnerae (strain ATCC 39867 / T7901),bacterial,GH10,397.0,620.384,1.5626801007556674,382.0,9.0,0.0,17785.37,0.9622166246851386,0.0226700251889168,0.0,44.79942065491184,Homology,MODELLER,Homology
C5BLA7,C5BLA7,Teredinibacter turnerae (strain ATCC 39867 / T7901),bacterial,GH10,629.0,897.525,1.4269077901430842,558.0,16.0,0.0,49037.86,0.8871224165341812,0.0254372019077901,0.0,77.96162162162162,Homology,MODELLER,Homology
C5BN19,C5BN19,Teredinibacter turnerae (strain ATCC 39867 / T7901),bacterial,GH10,1149.0,4373.3,3.806179286335945,1171.0,15.0,0.0,71717.95,1.0191470844212358,0.0130548302872062,0.0,62.41771105308964,Homology,MODELLER,Homology
C5BPD1,C5BPD1,Teredinibacter turnerae (strain ATCC 39867 / T7901),bacterial,GH10,379.0,79.1405,0.2088139841688654,338.0,27.0,0.0,19726.62,0.8918205804749341,0.0712401055408971,0.0,52.049129287598944,Homology,MODELLER,Homology
C5BPK1,C5BPK1,Teredinibacter turnerae (strain ATCC 39867 / T7901),bacterial,GH10,585.0,1532.82,2.620205128205128,574.0,15.0,0.0,31183.78,0.9811965811965812,0.0256410256410256,0.0,53.30560683760684,Homology,MODELLER,Homology
C5BPL7,C5BPL7,Teredinibacter turnerae (strain ATCC 39867 / T7901),bacterial,GH10,445.0,1782.06,4.004629213483146,440.0,8.0,0.0,20027.65,0.9887640449438202,0.0179775280898876,0.0,45.00595505617978,Homology,MODELLER,Homology
C5BQL3,C5BQL3,Teredinibacter turnerae (strain ATCC 39867 / T7901),bacterial,GH10,411.0,598.267,1.4556374695863747,394.0,7.0,0.0,18210.48,0.9586374695863747,0.0170316301703163,0.0,44.30773722627737,Homology,MODELLER,Homology
C5BQQ4,C5BQQ4,Teredinibacter turnerae (strain ATCC 39867 / T7901),bacterial,GH10,381.0,136.789,0.35902624671916,347.0,15.0,0.0,19083.72,0.910761154855643,0.0393700787401574,0.0,50.08850393700788,Homology,MODELLER,Homology
C5BRL9,C5BRL9,Teredinibacter turnerae (strain ATCC 39867 / T7901),bacterial,GH10,952.0,2928.54,3.0761974789915967,962.0,9.0,0.0,83880.0,1.0105042016806722,0.009453781512605,0.0,88.10924369747899,Homology,MODELLER,Homology
C5BTG8,C5BTG8,Teredinibacter turnerae (strain ATCC 39867 / T7901),bacterial,GH10,955.0,2734.06,2.862890052356021,994.0,6.0,0.0,79449.36,1.0408376963350785,0.006282722513089,0.0,83.19304712041885,Homology,MODELLER,Homology
C5C1P4,C5C1P4,Beutenbergia cavernae (strain ATCC BAA-8 / DSM 12333 / CCUG 43141 / JCM 11478 / NBRC 16432 / NCIMB 13614 / HKI 0122),bacterial,GH10,1019.0,2496.46,2.4499116781158,1019.0,8.0,0.0,100299.36,1.0,0.0078508341511285,0.0,98.4292051030422,Homology,MODELLER,Homology
C6ATW9,C6ATW9,Rhizobium leguminosarum bv. trifolii (strain WSM1325),bacterial,GH10,357.0,499.73,1.3998039215686275,344.0,16.0,0.0,16492.85,0.9635854341736696,0.0448179271708683,0.0,46.19845938375349,Homology,MODELLER,Homology
C6FX34,C6FX34,Streptomyces sp. TN119,bacterial,GH10,362.0,323.673,0.8941243093922652,337.0,15.0,0.0,16120.07,0.930939226519337,0.0414364640883977,0.0,44.53058011049724,Homology,MODELLER,Homology
C6W283,C6W283,Dyadobacter fermentans (strain ATCC 700827 / DSM 18053 / CIP 107007 / KCTC 52180 / NS114),bacterial,GH10,359.0,250.336,0.6973147632311978,316.0,16.0,0.0,17080.25,0.8802228412256268,0.0445682451253481,0.0,47.57729805013928,Homology,MODELLER,Homology
C6WMJ4,C6WMJ4,Actinosynnema mirum (strain ATCC 29888 / DSM 43827 / JCM 3225 / NBRC 14064 / NCIMB 13271 / NRRL B-12336 / IMRU 3971 / 101),bacterial,GH10,454.0,238.908,0.5262290748898678,423.0,20.0,1.0,30352.84,0.9317180616740088,0.0440528634361233,0.0022026431718061,66.85647577092512,Homology,MODELLER,Homology
C6WS74,C6WS74,Actinosynnema mirum (strain ATCC 29888 / DSM 43827 / JCM 3225 / NBRC 14064 / NCIMB 13271 / NRRL B-12336 / IMRU 3971 / 101),bacterial,GH10,451.0,163.39,0.3622838137472283,419.0,16.0,1.0,28297.31,0.9290465631929048,0.0354767184035476,0.0022172949002217,62.74348115299336,Homology,MODELLER,Homology
C6XQH5,C6XQH5,Hirschia baltica (strain ATCC 49814 / DSM 5838 / IFAM 1418),bacterial,GH10,381.0,129.002,0.3385879265091864,343.0,18.0,0.0,20350.31,0.9002624671916011,0.0472440944881889,0.0,53.41288713910762,Homology,MODELLER,Homology
C6XRN4,C6XRN4,Hirschia baltica (strain ATCC 49814 / DSM 5838 / IFAM 1418),bacterial,GH10,390.0,413.343,1.0598538461538465,371.0,11.0,0.0,18641.61,0.9512820512820512,0.0282051282051282,0.0,47.799,Homology,MODELLER,Homology
C6ZHB0,C6ZHB0,Streptomyces thermocarboxydus,bacterial,GH10,393.0,385.103,0.9799058524173028,371.0,12.0,0.0,18737.04,0.9440203562340967,0.0305343511450381,0.0,47.6769465648855,Homology,MODELLER,Homology
C7C5G8,C7C5G8,Paenibacillus barcinonensis,bacterial,GH10,319.0,490.261,1.5368683385579938,296.0,8.0,0.0,14360.07,0.927899686520376,0.0250783699059561,0.0,45.0158934169279,Homology,MODELLER,Homology
C7MGN0,C7MGN0,Brachybacterium faecium (strain ATCC 43885 / DSM 4810 / JCM 11609 / LMG 19847 / NBRC 14762 / NCIMB 9860 / 6-10),bacterial,GH10,383.0,168.522,0.4400052219321149,359.0,12.0,0.0,19939.67,0.93733681462141,0.031331592689295,0.0,52.06180156657963,Homology,MODELLER,Homology
C7PW30,C7PW30,Catenulispora acidiphila (strain DSM 44928 / JCM 14897 / NBRC 102108 / NRRL B-24433 / ID139908),bacterial,GH10,487.0,690.643,1.4181581108829568,498.0,2.0,1.0,52203.15,1.0225872689938398,0.0041067761806981,0.002053388090349,107.19332648870636,Homology,MODELLER,Homology
C7PYE0,C7PYE0,Catenulispora acidiphila (strain DSM 44928 / JCM 14897 / NBRC 102108 / NRRL B-24433 / ID139908),bacterial,GH10,375.0,295.808,0.7888213333333333,351.0,16.0,0.0,16624.76,0.936,0.0426666666666666,0.0,44.33269333333333,Homology,MODELLER,Homology
C7Q352,C7Q352,Catenulispora acidiphila (strain DSM 44928 / JCM 14897 / NBRC 102108 / NRRL B-24433 / ID139908),bacterial,GH10,490.0,342.378,0.698730612244898,456.0,14.0,1.0,32228.72,0.9306122448979592,0.0285714285714285,0.0020408163265306,65.77289795918368,Homology,MODELLER,Homology
C7Q386,C7Q386,Catenulispora acidiphila (strain DSM 44928 / JCM 14897 / NBRC 102108 / NRRL B-24433 / ID139908),bacterial,GH10,778.0,2442.89,3.139961439588689,828.0,4.0,0.0,47021.5,1.06426735218509,0.0051413881748071,0.0,60.438946015424165,Homology,MODELLER,Homology
C7R1S8,C7R1S8,Jonesia denitrificans (strain ATCC 14870 / DSM 20603 / BCRC 15368 / CIP 55.134 / JCM 11481 / NBRC 15587 / NCTC 10816 / Prevot 55134) (Listeria denitrificans),bacterial,GH10,503.0,1226.51,2.438389662027833,480.0,3.0,1.0,57414.87,0.9542743538767396,0.0059642147117296,0.0019880715705765,114.14487077534793,Homology,MODELLER,Homology
C7R1S9,C7R1S9,Jonesia denitrificans (strain ATCC 14870 / DSM 20603 / BCRC 15368 / CIP 55.134 / JCM 11481 / NBRC 15587 / NCTC 10816 / Prevot 55134) (Listeria denitrificans),bacterial,GH10,488.0,564.219,1.156186475409836,505.0,1.0,0.0,54568.34,1.0348360655737705,0.0020491803278688,0.0,111.820368852459,Homology,MODELLER,Homology
C7R4R8,C7R4R8,Jonesia denitrificans (strain ATCC 14870 / DSM 20603 / BCRC 15368 / CIP 55.134 / JCM 11481 / NBRC 15587 / NCTC 10816 / Prevot 55134) (Listeria denitrificans),bacterial,GH10,417.0,1455.8,3.4911270983213427,421.0,19.0,0.0,17198.03,1.009592326139089,0.0455635491606714,0.0,41.24227817745803,Homology,MODELLER,Homology
C7R5M3,C7R5M3,Jonesia denitrificans (strain ATCC 14870 / DSM 20603 / BCRC 15368 / CIP 55.134 / JCM 11481 / NBRC 15587 / NCTC 10816 / Prevot 55134) (Listeria denitrificans),bacterial,GH10,1146.0,3805.9,3.3210296684118674,1180.0,28.0,0.0,79527.13,1.029668411867365,0.0244328097731239,0.0,69.39540139616057,Homology,MODELLER,Homology
C8WRS4,C8WRS4,Alicyclobacillus acidocaldarius subsp. acidocaldarius (strain ATCC 27009 / DSM 446 / BCRC 14685 / JCM 5260 / KCTC 1825 / NBRC 15652 / NCIMB 11725 / NRRL B-14509 / 104-IA) (Bacillus acidocaldarius),bacterial,GH10,338.0,38.1067,0.1127417159763313,302.0,26.0,0.0,15465.31,0.893491124260355,0.0769230769230769,0.0,45.7553550295858,Homology,MODELLER,Homology
C9RKU1,C9RKU1,Fibrobacter succinogenes (strain ATCC 19169 / S85),bacterial,GH10,762.0,2767.4,3.631758530183727,773.0,7.0,0.0,54752.81,1.0144356955380578,0.0091863517060367,0.0,71.8540813648294,Homology,MODELLER,Homology
C9YUZ2,C9YUZ2,Streptomyces scabiei (strain 87.22),bacterial,GH10,459.0,578.565,1.2604901960784316,422.0,17.0,0.0,28491.68,0.9193899782135077,0.037037037037037,0.0,62.07337690631808,Homology,MODELLER,Homology
C9YVP9,C9YVP9,Streptomyces scabiei (strain 87.22),bacterial,GH10,354.0,223.969,0.6326807909604519,332.0,16.0,1.0,16299.7,0.9378531073446328,0.0451977401129943,0.0028248587570621,46.04435028248588,Homology,MODELLER,Homology
C9YW88,C9YW88,Streptomyces scabiei (strain 87.22),bacterial,GH10,373.0,333.538,0.8942037533512065,347.0,14.0,0.0,17163.39,0.9302949061662198,0.0375335120643431,0.0,46.01445040214477,Homology,MODELLER,Homology
C9ZB10,C9ZB10,Streptomyces scabiei (strain 87.22),bacterial,GH10,533.0,691.25,1.296904315196998,479.0,20.0,0.0,42116.52,0.8986866791744841,0.0375234521575985,0.0,79.01786116322701,Homology,MODELLER,Homology
C9ZE95,C9ZE95,Streptomyces scabiei (strain 87.22),bacterial,GH10,485.0,154.515,0.3185876288659793,445.0,27.0,5.0,23172.68,0.9175257731958762,0.0556701030927835,0.0103092783505154,47.77872164948454,Homology,MODELLER,Homology
D0EM78,D0EM78,Geobacillus sp. TC-W7,bacterial,GH10,407.0,66.9152,0.1644108108108108,359.0,25.0,0.0,21161.95,0.8820638820638821,0.0614250614250614,0.0,51.99496314496314,Homology,MODELLER,Homology
D0MH05,D0MH05,Rhodothermus marinus (strain ATCC 43812 / DSM 4252 / R-10) (Rhodothermus obamensis),bacterial,GH10,434.0,1176.61,2.711082949308756,438.0,18.0,0.0,21462.66,1.0092165898617511,0.0414746543778801,0.0,49.453133640553,Homology,MODELLER,Homology
D0MHK8,D0MHK8,Rhodothermus marinus (strain ATCC 43812 / DSM 4252 / R-10) (Rhodothermus obamensis),bacterial,GH10,498.0,1351.14,2.713132530120482,472.0,22.0,0.0,26176.75,0.9477911646586346,0.0441767068273092,0.0,52.56375502008032,Homology,MODELLER,Homology
D1BHP9,D1BHP9,Sanguibacter keddieii (strain ATCC 51767 / DSM 10542 / NCFB 3025 / ST-74),bacterial,GH10,399.0,496.87,1.2452882205513784,378.0,16.0,0.0,19859.39,0.9473684210526316,0.0401002506265664,0.0,49.77290726817043,Homology,MODELLER,Homology
D1BKV8,D1BKV8,Sanguibacter keddieii (strain ATCC 51767 / DSM 10542 / NCFB 3025 / ST-74),bacterial,GH10,566.0,2040.73,3.605530035335689,559.0,11.0,0.0,24223.85,0.9876325088339224,0.019434628975265,0.0,42.79832155477032,Homology,MODELLER,Homology
D1BRX2,D1BRX2,Xylanimonas cellulosilytica (strain DSM 15894 / JCM 12276 / CECT 5975 / KCTC 9989 / LMG 20990 / NBRC 107835 / XIL07),bacterial,GH10,433.0,1062.21,2.4531408775981527,425.0,16.0,0.0,18551.45,0.9815242494226328,0.0369515011547344,0.0,42.84399538106236,Homology,MODELLER,Homology
D1BWB1,D1BWB1,Xylanimonas cellulosilytica (strain DSM 15894 / JCM 12276 / CECT 5975 / KCTC 9989 / LMG 20990 / NBRC 107835 / XIL07),bacterial,GH10,474.0,326.775,0.6893987341772151,443.0,18.0,1.0,30994.8,0.9345991561181436,0.0379746835443038,0.0021097046413502,65.38987341772152,Homology,MODELLER,Homology
D1BXQ6,D1BXQ6,Xylanimonas cellulosilytica (strain DSM 15894 / JCM 12276 / CECT 5975 / KCTC 9989 / LMG 20990 / NBRC 107835 / XIL07),bacterial,GH10,1331.0,3343.85,2.5122839969947406,1352.0,18.0,0.0,110632.36,1.0157776108189331,0.0135236664162283,0.0,83.11972952667168,Homology,MODELLER,Homology
D1BXQ7,D1BXQ7,Xylanimonas cellulosilytica (strain DSM 15894 / JCM 12276 / CECT 5975 / KCTC 9989 / LMG 20990 / NBRC 107835 / XIL07),bacterial,GH10,1242.0,4351.67,3.5037600644122384,1228.0,22.0,0.0,94820.77,0.9887278582930756,0.0177133655394524,0.0,76.34522544283413,Homology,MODELLER,Homology
D1CC70,D1CC70,Thermobaculum terrenum (strain ATCC BAA-798 / CCMEE 7001 / YNP1),bacterial,GH10,371.0,292.909,0.7895121293800539,340.0,16.0,0.0,16961.86,0.9164420485175202,0.0431266846361186,0.0,45.71929919137467,Homology,MODELLER,Homology
D1GET5,D1GET5,Cellulosimicrobium sp. HY-13,bacterial,GH10,556.0,634.824,1.1417697841726615,565.0,1.0,1.0,62221.03,1.016187050359712,0.0017985611510791,0.0017985611510791,111.9083273381295,Homology,MODELLER,Homology
D1PCL8,D1PCL8,Segatella copri DSM 18205,bacterial,GH10,374.0,512.107,1.3692700534759357,335.0,13.0,0.0,17160.48,0.8957219251336899,0.03475935828877,0.0,45.88363636363636,Homology,MODELLER,Homology
D1PFS8,D1PFS8,Segatella copri DSM 18205,bacterial,GH10,735.0,3134.62,4.264789115646258,768.0,14.0,0.0,40864.36,1.0448979591836736,0.019047619047619,0.0,55.59776870748299,Homology,MODELLER,Homology
D2B806,D2B806,Streptosporangium roseum (strain ATCC 12428 / DSM 43021 / JCM 3005 / KCTC 9067 / NCIMB 10171 / NRRL 2505 / NI 9100),bacterial,GH10,543.0,1240.99,2.2854327808471453,571.0,4.0,0.0,44773.93,1.0515653775322285,0.007366482504604,0.0,82.45659300184163,Homology,MODELLER,Homology
D2C750,D2C750,Thermotoga petrophila (strain ATCC BAA-489 / DSM 13996 / JCM 10882 / RKU-10) (Thermotoga naphthophila),bacterial,GH10,1059.0,2588.19,2.4439943342776203,1000.0,7.0,0.0,130667.61,0.9442870632672332,0.0066100094428706,0.0,123.38773371104816,Homology,MODELLER,Homology
D2C759,D2C759,Thermotoga petrophila (strain ATCC BAA-489 / DSM 13996 / JCM 10882 / RKU-10) (Thermotoga naphthophila),bacterial,GH10,344.0,-17.7625,-0.0516351744186046,313.0,27.0,0.0,16621.87,0.9098837209302324,0.0784883720930232,0.0,48.31938953488372,Homology,MODELLER,Homology
D2KFJ4,D2KFJ4,Cellulosilyticum ruminicola,bacterial,GH10,667.0,1520.44,2.27952023988006,659.0,11.0,0.0,37424.68,0.9880059970014992,0.0164917541229385,0.0,56.10896551724138,Homology,MODELLER,Homology
D2KFL8,D2KFL8,Cellulosilyticum ruminicola,bacterial,GH10,173.0,205.764,1.1893872832369945,155.0,6.0,0.0,11372.56,0.8959537572254336,0.0346820809248554,0.0,65.73734104046243,Homology,MODELLER,Homology
D2KFM1,D2KFM1,Cellulosilyticum ruminicola,bacterial,GH10,699.0,1631.73,2.3343776824034337,694.0,20.0,0.0,44912.18,0.9928469241773964,0.0286123032904148,0.0,64.25204577968526,Homology,MODELLER,Homology
D2QDL1,D2QDL1,Spirosoma linguale (strain ATCC 33905 / DSM 74 / LMG 10896 / Claus 1),bacterial,GH10,558.0,1585.17,2.8408064516129032,566.0,14.0,0.0,27016.06,1.014336917562724,0.025089605734767,0.0,48.41587813620072,Homology,MODELLER,Homology
D2QE60,D2QE60,Spirosoma linguale (strain ATCC 33905 / DSM 74 / LMG 10896 / Claus 1),bacterial,GH10,366.0,249.933,0.6828770491803279,329.0,19.0,0.0,17810.38,0.8989071038251366,0.0519125683060109,0.0,48.66224043715848,Homology,MODELLER,Homology
D2QMX0,D2QMX0,Spirosoma linguale (strain ATCC 33905 / DSM 74 / LMG 10896 / Claus 1),bacterial,GH10,370.0,133.043,0.3595756756756756,338.0,17.0,0.0,18860.25,0.9135135135135136,0.0459459459459459,0.0,50.97364864864865,Homology,MODELLER,Homology
D2QU83,D2QU83,Spirosoma linguale (strain ATCC 33905 / DSM 74 / LMG 10896 / Claus 1),bacterial,GH10,387.0,507.415,1.3111498708010336,371.0,6.0,0.0,17694.92,0.958656330749354,0.0155038759689922,0.0,45.72330749354005,Homology,MODELLER,Homology
D3T5Y9,D3T5Y9,Thermoanaerobacter italicus (strain DSM 9252 / Ab9),bacterial,GH10,1455.0,5070.41,3.4848178694158074,1451.0,26.0,0.0,119976.25,0.9972508591065292,0.0178694158075601,0.0,82.45790378006873,Homology,MODELLER,Homology
D3VWB5,D3VWB5,Alicyclobacillus sp. A4,bacterial,GH10,338.0,89.17,0.2638165680473373,305.0,19.0,0.0,15100.82,0.9023668639053254,0.0562130177514792,0.0,44.67698224852071,Homology,MODELLER,Homology
D4GI13,D4GI13,Pantoea ananatis (strain LMG 20103),bacterial,GH10,411.0,761.498,1.852793187347932,405.0,13.0,0.0,20004.13,0.9854014598540146,0.0316301703163017,0.0,48.671849148418495,Homology,MODELLER,Homology
D4L1G8,D4L1G8,Roseburia intestinalis XB6B4,bacterial,GH10,1356.0,4927.14,3.6335840707964606,1314.0,20.0,0.0,120708.36,0.9690265486725664,0.0147492625368731,0.0,89.01796460176992,Homology,MODELLER,Homology
D4LAD4,D4LAD4,Ruminococcus champanellensis (strain DSM 18848 / JCM 17042 / KCTC 15320 / 18P13),bacterial,GH10,633.0,1841.05,2.9084518167456554,607.0,15.0,0.0,39289.65,0.9589257503949448,0.0236966824644549,0.0,62.06895734597157,Homology,MODELLER,Homology
D4LDI7,D4LDI7,Ruminococcus champanellensis (strain DSM 18848 / JCM 17042 / KCTC 15320 / 18P13),bacterial,GH10,1268.0,2356.62,1.858533123028391,1163.0,5.0,0.0,165368.23,0.917192429022082,0.0039432176656151,0.0,130.41658517350157,Homology,MODELLER,Homology
D4Z2D1,D4Z2D1,Sphingobium indicum (strain DSM 16413 / CCM 7287 / MTCC 6362 / UT26 / NBRC 101211 / UT26S) (Sphingobium japonicum),bacterial,GH10,375.0,587.073,1.565528,366.0,19.0,0.0,15873.57,0.976,0.0506666666666666,0.0,42.32952,Homology,MODELLER,Homology
D5BGE4,D5BGE4,Zunongwangia profunda (strain DSM 18752 / CCTCC AB 206139 / SM-A87) (Wangia profunda),bacterial,GH10,564.0,2007.45,3.559308510638298,579.0,13.0,0.0,26773.64,1.0265957446808511,0.0230496453900709,0.0,47.47099290780142,Homology,MODELLER,Homology
D5BGE5,D5BGE5,Zunongwangia profunda (strain DSM 18752 / CCTCC AB 206139 / SM-A87) (Wangia profunda),bacterial,GH10,386.0,124.576,0.3227357512953367,349.0,22.0,0.0,21222.44,0.9041450777202072,0.0569948186528497,0.0,54.98041450777202,Homology,MODELLER,Homology
D5BHG0,D5BHG0,Zunongwangia profunda (strain DSM 18752 / CCTCC AB 206139 / SM-A87) (Wangia profunda),bacterial,GH10,374.0,198.469,0.5306657754010695,350.0,13.0,0.0,19288.28,0.9358288770053476,0.03475935828877,0.0,51.572941176470586,Homology,MODELLER,Homology
D5EY24,D5EY24,Xylanibacter ruminicola (strain ATCC 19189 / DSM 19721 / CIP 105475 / JCM 8958 / 23) (Prevotella ruminicola),bacterial,GH10,707.0,2527.48,3.574936350777935,701.0,16.0,0.0,38977.25,0.9915134370579916,0.0226308345120226,0.0,55.13048090523338,Homology,MODELLER,Homology
D5KTJ5,D5KTJ5,Cohnella laeviribosi,bacterial,GH10,340.0,69.0594,0.2031158823529411,304.0,26.0,0.0,15579.45,0.8941176470588236,0.0764705882352941,0.0,45.82191176470589,Homology,MODELLER,Homology
D5LRR5,D5LRR5,Paenibacillus sp. HPL-002,bacterial,GH10,332.0,79.4215,0.2392213855421686,295.0,23.0,0.0,14402.79,0.8885542168674698,0.0692771084337349,0.0,43.38189759036145,Homology,MODELLER,Homology
D5UDE7,D5UDE7,Cellulomonas flavigena (strain ATCC 482 / DSM 20109 / BCRC 11376 / JCM 18109 / NBRC 3775 / NCIMB 8073 / NRS 134),bacterial,GH10,472.0,274.982,0.5825889830508475,442.0,17.0,1.0,32644.0,0.9364406779661016,0.0360169491525423,0.0021186440677966,69.16101694915254,Homology,MODELLER,Homology
D5UDG3,D5UDG3,Cellulomonas flavigena (strain ATCC 482 / DSM 20109 / BCRC 11376 / JCM 18109 / NBRC 3775 / NCIMB 8073 / NRS 134),bacterial,GH10,376.0,189.093,0.5029069148936169,355.0,16.0,0.0,19499.54,0.9441489361702128,0.0425531914893617,0.0,51.860478723404256,Homology,MODELLER,Homology
D5UDH4,D5UDH4,Cellulomonas flavigena (strain ATCC 482 / DSM 20109 / BCRC 11376 / JCM 18109 / NBRC 3775 / NCIMB 8073 / NRS 134),bacterial,GH10,820.0,2938.31,3.5833048780487804,835.0,6.0,0.0,49429.0,1.0182926829268293,0.0073170731707317,0.0,60.27926829268293,Homology,MODELLER,Homology
D5UFC2,D5UFC2,Cellulomonas flavigena (strain ATCC 482 / DSM 20109 / BCRC 11376 / JCM 18109 / NBRC 3775 / NCIMB 8073 / NRS 134),bacterial,GH10,756.0,2774.48,3.66994708994709,772.0,12.0,0.0,36366.04,1.0211640211640212,0.0158730158730158,0.0,48.10322751322752,Homology,MODELLER,Homology
D5UFE6,D5UFE6,Cellulomonas flavigena (strain ATCC 482 / DSM 20109 / BCRC 11376 / JCM 18109 / NBRC 3775 / NCIMB 8073 / NRS 134),bacterial,GH10,433.0,884.205,2.042043879907621,424.0,16.0,0.0,21451.11,0.979214780600462,0.0369515011547344,0.0,49.54066974595843,Homology,MODELLER,Homology
D5UGI1,D5UGI1,Cellulomonas flavigena (strain ATCC 482 / DSM 20109 / BCRC 11376 / JCM 18109 / NBRC 3775 / NCIMB 8073 / NRS 134),bacterial,GH10,1001.0,2463.66,2.461198801198801,1031.0,2.0,0.0,86509.05,1.02997002997003,0.0019980019980019,0.0,86.42262737262737,Homology,MODELLER,Homology
D5UGW9,D5UGW9,Cellulomonas flavigena (strain ATCC 482 / DSM 20109 / BCRC 11376 / JCM 18109 / NBRC 3775 / NCIMB 8073 / NRS 134),bacterial,GH10,370.0,167.869,0.4537,341.0,23.0,1.0,18867.13,0.9216216216216216,0.0621621621621621,0.0027027027027027,50.99224324324325,Homology,MODELLER,Homology
D5UI30,D5UI30,Cellulomonas flavigena (strain ATCC 482 / DSM 20109 / BCRC 11376 / JCM 18109 / NBRC 3775 / NCIMB 8073 / NRS 134),bacterial,GH10,815.0,1970.92,2.4183067484662577,814.0,9.0,0.0,60290.38,0.9987730061349692,0.011042944785276,0.0,73.9759263803681,Homology,MODELLER,Homology
D5UIQ1,D5UIQ1,Cellulomonas flavigena (strain ATCC 482 / DSM 20109 / BCRC 11376 / JCM 18109 / NBRC 3775 / NCIMB 8073 / NRS 134),bacterial,GH10,1780.0,4608.83,2.589230337078652,1797.0,41.0,0.0,160068.91,1.0095505617977527,0.0230337078651685,0.0,89.92635393258428,Homology,MODELLER,Homology
D5UIQ2,D5UIQ2,Cellulomonas flavigena (strain ATCC 482 / DSM 20109 / BCRC 11376 / JCM 18109 / NBRC 3775 / NCIMB 8073 / NRS 134),bacterial,GH10,1215.0,3570.0,2.938271604938272,1194.0,18.0,0.0,99085.59,0.982716049382716,0.0148148148148148,0.0,81.55192592592593,Homology,MODELLER,Homology
D5UK72,D5UK72,Cellulomonas flavigena (strain ATCC 482 / DSM 20109 / BCRC 11376 / JCM 18109 / NBRC 3775 / NCIMB 8073 / NRS 134),bacterial,GH10,690.0,2045.24,2.964115942028985,687.0,20.0,0.0,37406.95,0.9956521739130436,0.0289855072463768,0.0,54.21297101449275,Homology,MODELLER,Homology
D5UL25,D5UL25,Cellulomonas flavigena (strain ATCC 482 / DSM 20109 / BCRC 11376 / JCM 18109 / NBRC 3775 / NCIMB 8073 / NRS 134),bacterial,GH10,829.0,2927.16,3.530952955367913,854.0,10.0,0.0,51828.76,1.0301568154402896,0.0120627261761158,0.0,62.519613992762366,Homology,MODELLER,Homology
D5UQ92,D5UQ92,Tsukamurella paurometabola (strain ATCC 8368 / DSM 20162 / CCUG 35730 / CIP 100753 / JCM 10117 / KCTC 9821 / NBRC 16120 / NCIMB 702349 / NCTC 13040) (Corynebacterium paurometabolum),bacterial,GH10,381.0,413.627,1.0856351706036746,365.0,9.0,0.0,17255.18,0.958005249343832,0.0236220472440944,0.0,45.28918635170604,Homology,MODELLER,Homology
D5VIA7,D5VIA7,Caulobacter segnis (strain ATCC 21756 / DSM 7131 / JCM 7823 / NBRC 15250 / LMG 17158 / TK0059) (Mycoplana segnis),bacterial,GH10,383.0,446.697,1.1663107049608354,363.0,11.0,0.0,18832.54,0.9477806788511748,0.0287206266318537,0.0,49.1711227154047,Homology,MODELLER,Homology
D5WLQ4,D5WLQ4,Paraburkholderia atlantica,bacterial,GH10,386.0,344.394,0.8922124352331606,359.0,14.0,0.0,19398.7,0.9300518134715026,0.0362694300518134,0.0,50.255699481865285,Homology,MODELLER,Homology
D6BQP4,D6BQP4,Paenibacillus sp. E18,bacterial,GH10,327.0,22.9387,0.0701489296636085,294.0,18.0,0.0,14448.56,0.8990825688073395,0.055045871559633,0.0,44.185198776758405,Homology,MODELLER,Homology
D6D0K1,D6D0K1,Bacteroides xylanisolvens XB1A,bacterial,GH10,754.0,2678.66,3.552599469496021,782.0,4.0,0.0,49297.9,1.0371352785145889,0.0053050397877984,0.0,65.38183023872679,Homology,MODELLER,Homology
D6Y2K1,D6Y2K1,Thermobispora bispora (strain ATCC 19993 / DSM 43833 / CBS 139.67 / JCM 10125 / KCTC 9307 / NBRC 14880 / R51),bacterial,GH10,474.0,870.574,1.8366540084388183,428.0,0.0,0.0,59029.78,0.9029535864978904,0.0,0.0,124.53540084388186,Homology,MODELLER,Homology
D6Y5E0,D6Y5E0,Thermobispora bispora (strain ATCC 19993 / DSM 43833 / CBS 139.67 / JCM 10125 / KCTC 9307 / NBRC 14880 / R51),bacterial,GH10,497.0,165.285,0.3325653923541247,456.0,22.0,4.0,23931.15,0.9175050301810864,0.0442655935613682,0.0080482897384305,48.15120724346077,Homology,MODELLER,Homology
D7AUR0,D7AUR0,Nocardiopsis dassonvillei (strain ATCC 23218 / DSM 43111 / CIP 107115 / JCM 7437 / KCTC 9190 / NBRC 14626 / NCTC 10488 / NRRL B-5397 / IMRU 509) (Actinomadura dassonvillei),bacterial,GH10,373.0,606.932,1.627163538873995,352.0,17.0,0.0,15421.54,0.9436997319034852,0.0455764075067024,0.0,41.34461126005362,Homology,MODELLER,Homology
D7AWS0,D7AWS0,Nocardiopsis dassonvillei (strain ATCC 23218 / DSM 43111 / CIP 107115 / JCM 7437 / KCTC 9190 / NBRC 14626 / NCTC 10488 / NRRL B-5397 / IMRU 509) (Actinomadura dassonvillei),bacterial,GH10,477.0,621.455,1.3028406708595388,450.0,15.0,1.0,30973.07,0.9433962264150944,0.0314465408805031,0.0020964360587002,64.9330607966457,Homology,MODELLER,Homology
D7B7I8,D7B7I8,Nocardiopsis dassonvillei (strain ATCC 23218 / DSM 43111 / CIP 107115 / JCM 7437 / KCTC 9190 / NBRC 14626 / NCTC 10488 / NRRL B-5397 / IMRU 509) (Actinomadura dassonvillei),bacterial,GH10,394.0,323.006,0.8198121827411167,372.0,18.0,0.0,20532.12,0.9441624365482234,0.0456852791878172,0.0,52.11197969543147,Homology,MODELLER,Homology
D7C254,D7C254,Streptomyces bingchenggensis (strain BCW-1),bacterial,GH10,221.0,323.793,1.4651266968325791,210.0,3.0,0.0,12556.27,0.9502262443438914,0.0135746606334841,0.0,56.81570135746607,Homology,MODELLER,Homology
D7C6G6,D7C6G6,Streptomyces bingchenggensis (strain BCW-1),bacterial,GH10,476.0,130.801,0.2747920168067226,440.0,29.0,4.0,22305.94,0.9243697478991596,0.0609243697478991,0.0084033613445378,46.86121848739496,Homology,MODELLER,Homology
D7C774,D7C774,Streptomyces bingchenggensis (strain BCW-1),bacterial,GH10,358.0,188.548,0.5266703910614525,336.0,14.0,0.0,15776.79,0.9385474860335196,0.0391061452513966,0.0,44.06924581005587,Homology,MODELLER,Homology
D7C775,D7C775,Streptomyces bingchenggensis (strain BCW-1),bacterial,GH10,473.0,396.775,0.8388477801268498,440.0,15.0,1.0,27955.05,0.9302325581395348,0.0317124735729386,0.0021141649048625,59.101585623678645,Homology,MODELLER,Homology
D7CDL1,D7CDL1,Streptomyces bingchenggensis (strain BCW-1),bacterial,GH10,700.0,556.747,0.7953528571428571,672.0,22.0,2.0,62055.89,0.96,0.0314285714285714,0.0028571428571428,88.65127142857143,Homology,MODELLER,Homology
D7CRC3,D7CRC3,Truepera radiovictrix (strain DSM 17093 / CIP 108686 / LMG 22925 / RQ-24),bacterial,GH10,328.0,682.711,2.081435975609756,313.0,15.0,0.0,13198.63,0.9542682926829268,0.0457317073170731,0.0,40.23972560975609,Homology,MODELLER,Homology
D7CRC9,D7CRC9,Truepera radiovictrix (strain DSM 17093 / CIP 108686 / LMG 22925 / RQ-24),bacterial,GH10,707.0,2145.21,3.0342432814710043,703.0,20.0,0.0,38688.36,0.9943422913719944,0.0282885431400282,0.0,54.72186704384724,Homology,MODELLER,Homology
D7NNK8,D7NNK8,Anoxybacillus sp. E2(2009),bacterial,GH10,328.0,11.6317,0.0354625,284.0,21.0,0.0,14401.43,0.8658536585365854,0.0640243902439024,0.0,43.90679878048781,Homology,MODELLER,Homology
D7RA44,D7RA44,Bacillus sp. N16-5,bacterial,GH10,392.0,61.5767,0.1570834183673469,349.0,25.0,0.0,20102.15,0.8903061224489796,0.0637755102040816,0.0,51.28099489795919,Homology,MODELLER,Homology
D8L2X7,D8L2X7,Sphingobacterium sp. TN19,bacterial,GH10,569.0,1377.32,2.4205975395430577,570.0,6.0,0.0,31572.71,1.0017574692442883,0.0105448154657293,0.0,55.48806678383128,Homology,MODELLER,Homology
D8L2Y2,D8L2Y2,Sphingobacterium sp. TN19,bacterial,GH10,384.0,266.81,0.6948177083333333,351.0,20.0,0.0,18613.17,0.9140625,0.0520833333333333,0.0,48.471796875,Homology,MODELLER,Homology
D8UVH0,D8UVH0,Alicyclobacillus sp. A15,bacterial,GH10,329.0,60.9853,0.1853656534954407,293.0,26.0,0.0,15133.46,0.8905775075987842,0.0790273556231003,0.0,45.99835866261398,Homology,MODELLER,Homology
D9QF36,D9QF36,Brevundimonas subvibrioides (strain ATCC 15264 / DSM 4735 / LMG 14903 / NBRC 16000 / CB 81) (Caulobacter subvibrioides),bacterial,GH10,350.0,377.263,1.0778942857142857,327.0,11.0,0.0,16176.29,0.9342857142857144,0.0314285714285714,0.0,46.21797142857143,Homology,MODELLER,Homology
D9SST3,D9SST3,Clostridium cellulovorans (strain ATCC 35296 / DSM 3052 / OCM 3 / 743B),bacterial,GH10,607.0,1400.72,2.3076112026359143,589.0,13.0,0.0,34843.74,0.970345963756178,0.0214168039538715,0.0,57.4031960461285,Homology,MODELLER,Homology
D9TIQ9,D9TIQ9,Caldicellulosiruptor obsidiansis (strain ATCC BAA-2073 / JCM 16842 / OB47),bacterial,GH10,688.0,2604.55,3.785683139534884,687.0,17.0,0.0,35050.66,0.998546511627907,0.0247093023255813,0.0,50.94572674418605,Homology,MODELLER,Homology
D9TJ43,D9TJ43,Caldicellulosiruptor obsidiansis (strain ATCC BAA-2073 / JCM 16842 / OB47),bacterial,GH10,407.0,617.401,1.5169557739557735,395.0,15.0,0.0,18844.97,0.9705159705159704,0.0368550368550368,0.0,46.3021375921376,Homology,MODELLER,Homology
D9TMZ9,D9TMZ9,Thermoanaerobacterium thermosaccharolyticum (strain ATCC 7956 / DSM 571 / NCIMB 9385 / NCA 3814 / NCTC 13789 / WDCM 00135 / 2032) (Clostridium thermosaccharolyticum),bacterial,GH10,1282.0,4443.17,3.465811232449298,1280.0,24.0,0.0,101066.57,0.998439937597504,0.0187207488299532,0.0,78.83507800312013,Homology,MODELLER,Homology
D9TN00,D9TN00,Thermoanaerobacterium thermosaccharolyticum (strain ATCC 7956 / DSM 571 / NCIMB 9385 / NCA 3814 / NCTC 13789 / WDCM 00135 / 2032) (Clostridium thermosaccharolyticum),bacterial,GH10,413.0,678.988,1.644038740920097,413.0,16.0,0.0,20161.29,1.0,0.0387409200968523,0.0,48.81668280871671,Homology,MODELLER,Homology
E0RP41,E0RP41,Spirochaeta thermophila (strain ATCC 49972 / DSM 6192 / RI 19.B1),bacterial,GH10,451.0,1389.29,3.0804656319290467,461.0,3.0,0.0,26564.61,1.0221729490022171,0.0066518847006651,0.0,58.90157427937916,Homology,MODELLER,Homology
E0RP42,E0RP42,Spirochaeta thermophila (strain ATCC 49972 / DSM 6192 / RI 19.B1),bacterial,GH10,319.0,351.407,1.10158934169279,303.0,8.0,0.0,13788.07,0.9498432601880876,0.0250783699059561,0.0,43.22278996865204,Homology,MODELLER,Homology
E0RPX5,E0RPX5,Spirochaeta thermophila (strain ATCC 49972 / DSM 6192 / RI 19.B1),bacterial,GH10,347.0,416.007,1.1988674351585014,325.0,21.0,0.0,14790.69,0.936599423631124,0.0605187319884726,0.0,42.62446685878962,Homology,MODELLER,Homology
E0RS15,E0RS15,Spirochaeta thermophila (strain ATCC 49972 / DSM 6192 / RI 19.B1),bacterial,GH10,371.0,315.158,0.8494824797843666,354.0,19.0,0.0,18760.76,0.954177897574124,0.0512129380053908,0.0,50.56808625336927,Homology,MODELLER,Homology
E0RTS4,E0RTS4,Spirochaeta thermophila (strain ATCC 49972 / DSM 6192 / RI 19.B1),bacterial,GH10,804.0,3086.56,3.839004975124378,807.0,22.0,0.0,41164.4,1.0037313432835822,0.0273631840796019,0.0,51.19950248756219,Homology,MODELLER,Homology
E0RXQ0,E0RXQ0,Butyrivibrio proteoclasticus (strain ATCC 51982 / DSM 14932 / B316) (Clostridium proteoclasticum),bacterial,GH10,434.0,959.542,2.210926267281106,419.0,15.0,0.0,21914.3,0.9654377880184332,0.0345622119815668,0.0,50.49377880184332,Homology,MODELLER,Homology
E0RYH1,E0RYH1,Butyrivibrio proteoclasticus (strain ATCC 51982 / DSM 14932 / B316) (Clostridium proteoclasticum),bacterial,GH10,476.0,735.809,1.5458172268907562,443.0,20.0,0.0,26597.93,0.930672268907563,0.042016806722689,0.0,55.87800420168068,Homology,MODELLER,Homology
E0S105,E0S105,Butyrivibrio proteoclasticus (strain ATCC 51982 / DSM 14932 / B316) (Clostridium proteoclasticum),bacterial,GH10,1394.0,4615.47,3.3109540889526543,1245.0,8.0,0.0,123531.06,0.8931133428981348,0.0057388809182209,0.0,88.61625538020085,Homology,MODELLER,Homology
E0S1S5,E0S1S5,Butyrivibrio proteoclasticus (strain ATCC 51982 / DSM 14932 / B316) (Clostridium proteoclasticum),bacterial,GH10,996.0,3016.42,3.0285341365461846,1024.0,7.0,0.0,89592.95,1.0281124497991967,0.0070281124497991,0.0,89.95276104417671,Homology,MODELLER,Homology
E0S1Z8,E0S1Z8,Butyrivibrio proteoclasticus (strain ATCC 51982 / DSM 14932 / B316) (Clostridium proteoclasticum),bacterial,GH10,692.0,2666.0,3.852601156069364,686.0,18.0,0.0,36336.08,0.9913294797687862,0.0260115606936416,0.0,52.50878612716763,Homology,MODELLER,Homology
E0XQP4,E0XQP4,uncultured Verrucomicrobiales bacterium HF0010_05E02,bacterial,GH10,394.0,189.666,0.4813857868020304,357.0,15.0,0.0,20936.25,0.9060913705583756,0.0380710659898477,0.0,53.13769035532995,Homology,MODELLER,Homology
E0XQQ0,E0XQQ0,uncultured Verrucomicrobiales bacterium HF0010_05E02,bacterial,GH10,479.0,1556.16,3.248768267223382,490.0,20.0,0.0,21465.18,1.022964509394572,0.0417536534446764,0.0,44.81248434237996,Homology,MODELLER,Homology
E1APH5,E1APH5,Saccharopolyspora pathumthaniensis,bacterial,GH10,368.0,384.068,1.0436630434782608,340.0,23.0,0.0,16329.06,0.9239130434782608,0.0625,0.0,44.37244565217391,Homology,MODELLER,Homology
E2EAK3,E2EAK3,Alicyclobacillus sp. A4,bacterial,GH10,411.0,567.92,1.3818004866180047,390.0,10.0,0.0,19554.37,0.948905109489051,0.024330900243309,0.0,47.57754257907542,Homology,MODELLER,Homology
E2IHD5,E2IHD5,Microbispora corallina,bacterial,GH10,495.0,1386.94,2.80189898989899,523.0,2.0,0.0,41527.28,1.0565656565656565,0.004040404040404,0.0,83.89349494949495,Homology,MODELLER,Homology
E2IHD8,E2IHD8,Microbispora corallina,bacterial,GH10,480.0,294.191,0.6128979166666666,443.0,20.0,2.0,31852.62,0.9229166666666668,0.0416666666666666,0.0041666666666666,66.359625,Homology,MODELLER,Homology
E3FIR8,E3FIR8,Stigmatella aurantiaca (strain DW4/3-1),bacterial,GH10,542.0,1699.93,3.1364022140221404,552.0,11.0,0.0,25132.26,1.018450184501845,0.0202952029520295,0.0,46.36948339483394,Homology,MODELLER,Homology
E3I192,E3I192,Rhodomicrobium vannielii (strain ATCC 17100 / DSM 162 / LMG 4299 / NCIMB 10020 / ATH 3.1.1),bacterial,GH10,368.0,423.304,1.150282608695652,350.0,18.0,0.0,16666.98,0.9510869565217392,0.0489130434782608,0.0,45.29070652173913,Homology,MODELLER,Homology
E3WF08,E3WF08,Paenibacillus curdlanolyticus,bacterial,GH10,349.0,79.828,0.2287335243553008,311.0,22.0,0.0,16669.62,0.8911174785100286,0.0630372492836676,0.0,47.76395415472779,Homology,MODELLER,Homology
E4N6Z2,E4N6Z2,Kitasatospora setae (strain ATCC 33774 / DSM 43861 / JCM 3304 / KCC A-0304 / NBRC 14216 / KM-6054) (Streptomyces setae),bacterial,GH10,488.0,507.189,1.0393217213114754,506.0,0.0,1.0,53395.93,1.036885245901639,0.0,0.0020491803278688,109.41788934426228,Homology,MODELLER,Homology
E4NJK1,E4NJK1,Kitasatospora setae (strain ATCC 33774 / DSM 43861 / JCM 3304 / KCC A-0304 / NBRC 14216 / KM-6054) (Streptomyces setae),bacterial,GH10,496.0,470.203,0.9479899193548388,462.0,20.0,2.0,36323.78,0.9314516129032258,0.0403225806451612,0.0040322580645161,73.23342741935484,Homology,MODELLER,Homology
E4NJK3,E4NJK3,Kitasatospora setae (strain ATCC 33774 / DSM 43861 / JCM 3304 / KCC A-0304 / NBRC 14216 / KM-6054) (Streptomyces setae),bacterial,GH10,388.0,538.965,1.3890850515463915,375.0,15.0,0.0,15944.68,0.9664948453608248,0.0386597938144329,0.0,41.09453608247423,Homology,MODELLER,Homology
E4Q2A2,E4Q2A2,Caldicellulosiruptor owensensis (strain ATCC 700167 / DSM 13100 / OL),bacterial,GH10,699.0,1699.61,2.4314878397711013,698.0,19.0,0.0,47686.83,0.9985693848354792,0.0271816881258941,0.0,68.22150214592276,Homology,MODELLER,Homology
E4Q2A7,E4Q2A7,Caldicellulosiruptor owensensis (strain ATCC 700167 / DSM 13100 / OL),bacterial,GH10,471.0,765.704,1.6256985138004243,454.0,13.0,0.0,26527.24,0.9639065817409768,0.0276008492569002,0.0,56.32110403397028,Homology,MODELLER,Homology
E4Q4B5,E4Q4B5,Caldicellulosiruptor owensensis (strain ATCC 700167 / DSM 13100 / OL),bacterial,GH10,689.0,3117.75,4.525036284470247,672.0,23.0,0.0,41926.96,0.9753265602322206,0.0333817126269956,0.0,60.851901306240926,Homology,MODELLER,Homology
E4Q538,E4Q538,Caldicellulosiruptor owensensis (strain ATCC 700167 / DSM 13100 / OL),bacterial,GH10,407.0,500.344,1.2293464373464371,397.0,16.0,0.0,19235.01,0.9754299754299754,0.0393120393120393,0.0,47.260466830466825,Homology,MODELLER,Homology
E4Q5G9,E4Q5G9,Caldicellulosiruptor owensensis (strain ATCC 700167 / DSM 13100 / OL),bacterial,GH10,1675.0,6828.52,4.076728358208955,1742.0,20.0,0.0,119853.65,1.04,0.0119402985074626,0.0,71.55441791044775,Homology,MODELLER,Homology
E4QDJ6,E4QDJ6,Caldicellulosiruptor hydrothermalis (strain DSM 18901 / VKM B-2411 / 108),bacterial,GH10,407.0,559.828,1.3754987714987714,394.0,13.0,0.0,18462.37,0.968058968058968,0.0319410319410319,0.0,45.36208845208845,Homology,MODELLER,Homology
E4QEC9,E4QEC9,Caldicellulosiruptor hydrothermalis (strain DSM 18901 / VKM B-2411 / 108),bacterial,GH10,689.0,2758.74,4.003976777939042,704.0,10.0,0.0,42001.03,1.0217706821480406,0.0145137880986937,0.0,60.95940493468795,Homology,MODELLER,Homology
E4RQT2,E4RQT2,Leadbetterella byssophila (strain DSM 17132 / JCM 16389 / KACC 11308 / NBRC 106382 / 4M15),bacterial,GH10,365.0,247.598,0.6783506849315069,333.0,12.0,0.0,17137.99,0.9123287671232876,0.0328767123287671,0.0,46.95339726027397,Homology,MODELLER,Homology
E4RUD3,E4RUD3,Leadbetterella byssophila (strain DSM 17132 / JCM 16389 / KACC 11308 / NBRC 106382 / 4M15),bacterial,GH10,352.0,323.984,0.9204090909090908,339.0,19.0,0.0,15296.42,0.9630681818181818,0.0539772727272727,0.0,43.455738636363634,Homology,MODELLER,Homology
E4RWD4,E4RWD4,Leadbetterella byssophila (strain DSM 17132 / JCM 16389 / KACC 11308 / NBRC 106382 / 4M15),bacterial,GH10,359.0,133.295,0.3712952646239554,328.0,18.0,0.0,16880.81,0.913649025069638,0.0501392757660167,0.0,47.02175487465181,Homology,MODELLER,Homology
E4S4K4,E4S4K4,Caldicellulosiruptor acetigenus (strain ATCC 700853 / DSM 12137 / I77R1B) (Caldicellulosiruptor kristjanssonii),bacterial,GH10,407.0,612.113,1.5039631449631452,396.0,13.0,0.0,18807.88,0.972972972972973,0.0319410319410319,0.0,46.211007371007376,Homology,MODELLER,Homology
E4S9X6,E4S9X6,Caldicellulosiruptor acetigenus (strain ATCC 700853 / DSM 12137 / I77R1B) (Caldicellulosiruptor kristjanssonii),bacterial,GH10,689.0,3808.05,5.526923076923077,705.0,20.0,0.0,38665.72,1.02322206095791,0.0290275761973875,0.0,56.11860667634253,Homology,MODELLER,Homology
E4SE15,E4SE15,Caldicellulosiruptor kronotskyensis (strain DSM 18902 / VKM B-2412 / 2002),bacterial,GH10,1672.0,6380.18,3.815897129186603,1771.0,27.0,0.0,116835.35,1.0592105263157894,0.0161483253588516,0.0,69.87760167464116,Homology,MODELLER,Homology
E4SGH7,E4SGH7,Caldicellulosiruptor kronotskyensis (strain DSM 18902 / VKM B-2412 / 2002),bacterial,GH10,689.0,2645.02,3.8389259796806967,707.0,15.0,0.0,34744.18,1.0261248185776488,0.0217706821480406,0.0,50.42696661828737,Homology,MODELLER,Homology
E4SHI1,E4SHI1,Caldicellulosiruptor kronotskyensis (strain DSM 18902 / VKM B-2412 / 2002),bacterial,GH10,337.0,-1.71133,-0.0050781305637982,302.0,30.0,0.0,15957.23,0.8961424332344213,0.0890207715133531,0.0,47.35083086053413,Homology,MODELLER,Homology
E4SHI3,E4SHI3,Caldicellulosiruptor kronotskyensis (strain DSM 18902 / VKM B-2412 / 2002),bacterial,GH10,697.0,2430.1,3.4865136298421806,715.0,20.0,0.0,39330.04,1.0258249641319943,0.0286944045911047,0.0,56.427604017216645,Homology,MODELLER,Homology
E4SHW9,E4SHW9,Caldicellulosiruptor kronotskyensis (strain DSM 18902 / VKM B-2412 / 2002),bacterial,GH10,408.0,489.431,1.1995857843137254,395.0,8.0,0.0,19101.98,0.9681372549019608,0.0196078431372549,0.0,46.81857843137255,Homology,MODELLER,Homology
E4T4X1,E4T4X1,Paludibacter propionicigenes (strain DSM 17365 / JCM 13257 / WB4),bacterial,GH10,405.0,319.994,0.7901086419753087,377.0,14.0,0.0,20589.91,0.9308641975308642,0.0345679012345679,0.0,50.839283950617286,Homology,MODELLER,Homology
E4T4Y6,E4T4Y6,Paludibacter propionicigenes (strain DSM 17365 / JCM 13257 / WB4),bacterial,GH10,375.0,163.476,0.435936,339.0,15.0,0.0,19398.15,0.904,0.04,0.0,51.7284,Homology,MODELLER,Homology
E4T6U8,E4T6U8,Paludibacter propionicigenes (strain DSM 17365 / JCM 13257 / WB4),bacterial,GH10,385.0,148.748,0.3863584415584415,355.0,19.0,0.0,19667.23,0.922077922077922,0.0493506493506493,0.0,51.08371428571429,Homology,MODELLER,Homology
E5KBL2,E5KBL2,Thermoanaerobacterium saccharolyticum,bacterial,GH10,413.0,615.676,1.4907409200968524,408.0,12.0,0.0,20074.41,0.9878934624697336,0.0290556900726392,0.0,48.6063196125908,Homology,MODELLER,Homology
O30421,O30421,Caldicellulosiruptor saccharolyticus (Caldocellum saccharolyticum),bacterial,GH10,690.0,3178.07,4.605898550724638,699.0,16.0,0.0,35617.72,1.0130434782608695,0.0231884057971014,0.0,51.61988405797101,Homology,MODELLER,Homology
O52373,O52373,Caldicellulosiruptor sp. Rt69B.1,bacterial,GH10,1595.0,6406.59,4.016670846394985,1616.0,26.0,0.0,118746.7,1.013166144200627,0.0163009404388714,0.0,74.44934169278997,Homology,MODELLER,Homology
O52374,O52374,Caldicellulosiruptor sp. Rt69B.1,bacterial,GH10,1779.0,5787.66,3.2533220910623943,1807.0,20.0,0.0,138007.78,1.0157391793142214,0.0112422709387296,0.0,77.57604272062957,Homology,MODELLER,Homology
O69261,O69261,Thermobacillus xylanilyticus,bacterial,GH10,367.0,228.143,0.6216430517711171,332.0,20.0,0.0,18031.8,0.904632152588556,0.0544959128065395,0.0,49.13297002724796,Homology,MODELLER,Homology
O83007,O83007,Aeromonas caviae (Aeromonas punctata),bacterial,GH10,333.0,46.5369,0.1397504504504504,301.0,18.0,0.0,14611.06,0.9039039039039038,0.054054054054054,0.0,43.87705705705706,Homology,MODELLER,Homology
P23030,P23030,Cellvibrio japonicus (strain Ueda107) (Pseudomonas fluorescens subsp. cellulosa),bacterial,GH10,599.0,1694.71,2.8292320534223707,603.0,8.0,0.0,28297.83,1.006677796327212,0.013355592654424,0.0,47.24178631051753,Homology,MODELLER,Homology
P23551,P23551,Butyrivibrio fibrisolvens,bacterial,GH10,411.0,548.581,1.3347469586374696,392.0,4.0,0.0,19552.25,0.9537712895377128,0.0097323600973236,0.0,47.57238442822384,Homology,MODELLER,Homology
P23556,P23556,Caldicellulosiruptor saccharolyticus (Caldocellum saccharolyticum),bacterial,GH10,342.0,41.7935,0.122203216374269,300.0,30.0,0.0,16300.36,0.8771929824561403,0.087719298245614,0.0,47.66187134502924,Homology,MODELLER,Homology
P26223,P26223,Butyrivibrio fibrisolvens,bacterial,GH10,635.0,2342.97,3.689716535433071,628.0,19.0,0.0,31121.68,0.988976377952756,0.0299212598425196,0.0,49.01051968503937,Homology,MODELLER,Homology
P29126,P29126,Ruminococcus flavefaciens,bacterial,GH10,954.0,2706.25,2.836740041928721,853.0,7.0,0.0,97647.36,0.8941299790356394,0.0073375262054507,0.0,102.35572327044024,Homology,MODELLER,Homology
P36917,P36917,Thermoanaerobacterium saccharolyticum,bacterial,GH10,1157.0,4553.52,3.935626620570441,1172.0,25.0,0.0,83047.68,1.012964563526361,0.0216076058772687,0.0,71.77846153846153,Homology,MODELLER,Homology
P40944,P40944,Caldicellulosiruptor sp. (strain Rt8B.4),bacterial,GH10,684.0,2279.4,3.332456140350877,681.0,16.0,0.0,35292.23,0.9956140350877192,0.023391812865497,0.0,51.596827485380125,Homology,MODELLER,Homology
P45703,P45703,Geobacillus stearothermophilus (Bacillus stearothermophilus),bacterial,GH10,330.0,33.3695,0.1011196969696969,289.0,25.0,0.0,14639.9,0.8757575757575757,0.0757575757575757,0.0,44.36333333333333,Homology,MODELLER,Homology
P48789,P48789,Xylanibacter ruminicola (Prevotella ruminicola),bacterial,GH10,369.0,399.411,1.0824146341463414,332.0,14.0,0.0,17684.98,0.8997289972899729,0.037940379403794,0.0,47.92677506775068,Homology,MODELLER,Homology
P72234,P72234,Xylanibacter ruminicola (Prevotella ruminicola),bacterial,GH10,560.0,1407.77,2.513875,549.0,14.0,0.0,32758.15,0.9803571428571428,0.025,0.0,58.49669642857143,Homology,MODELLER,Homology
P74912,P74912,Thermobifida alba (Thermomonospora alba),bacterial,GH10,482.0,849.568,1.762589211618257,469.0,1.0,0.0,57216.8,0.9730290456431536,0.0020746887966804,0.0,118.70705394190873,Homology,MODELLER,Homology
Q01YB0,Q01YB0,Solibacter usitatus (strain Ellin6076),bacterial,GH10,785.0,2562.73,3.264624203821656,793.0,7.0,0.0,54543.91,1.0101910828025478,0.0089171974522292,0.0,69.48268789808918,Homology,MODELLER,Homology
Q023N8,Q023N8,Solibacter usitatus (strain Ellin6076),bacterial,GH10,1039.0,3016.28,2.903060635226179,1089.0,7.0,0.0,82965.87,1.0481231953801733,0.0067372473532242,0.0,79.85165543792107,Homology,MODELLER,Homology
Q024A6,Q024A6,Solibacter usitatus (strain Ellin6076),bacterial,GH10,365.0,116.47,0.3190958904109589,335.0,12.0,0.0,18499.46,0.9178082191780822,0.0328767123287671,0.0,50.68345205479452,Homology,MODELLER,Homology
Q09E20,Q09E20,Stigmatella aurantiaca (strain DW4/3-1),bacterial,GH10,501.0,1010.21,2.016387225548902,488.0,14.0,0.0,30927.29,0.9740518962075848,0.0279441117764471,0.0,61.73111776447106,Homology,MODELLER,Homology
Q0PRN5,Q0PRN5,Ruminiclostridium cellulolyticum (strain ATCC 35319 / DSM 5812 / JCM 6584 / H10) (Clostridium cellulolyticum),bacterial,GH10,423.0,392.295,0.9274113475177306,393.0,14.0,0.0,25055.81,0.9290780141843972,0.0330969267139479,0.0,59.23359338061466,Homology,MODELLER,Homology
Q12603,Q12603,Dictyoglomus thermophilum,bacterial,GH10,352.0,68.6387,0.1949963068181818,315.0,17.0,0.0,18140.97,0.8948863636363636,0.0482954545454545,0.0,51.53684659090909,Homology,MODELLER,Homology
Q1MD47,Q1MD47,Rhizobium johnstonii (strain DSM 114642 / LMG 32736 / 3841) (Rhizobium leguminosarum bv. viciae),bacterial,GH10,361.0,440.374,1.2198725761772853,341.0,17.0,0.0,16851.28,0.9445983379501384,0.0470914127423822,0.0,46.6794459833795,Homology,MODELLER,Homology
Q21BJ6,Q21BJ6,Rhodopseudomonas palustris (strain BisB18),bacterial,GH10,368.0,487.825,1.3256114130434782,361.0,15.0,0.0,17630.38,0.9809782608695652,0.0407608695652173,0.0,47.90864130434783,Homology,MODELLER,Homology
Q21GI8,Q21GI8,Saccharophagus degradans (strain 2-40 / ATCC 43961 / DSM 17024),bacterial,GH10,619.0,2981.06,4.815928917609047,550.0,8.0,0.0,48695.45,0.8885298869143781,0.0129240710823909,0.0,78.66793214862682,Homology,MODELLER,Homology
Q21HD6,Q21HD6,Saccharophagus degradans (strain 2-40 / ATCC 43961 / DSM 17024),bacterial,GH10,374.0,70.6602,0.1889310160427807,332.0,20.0,0.0,19072.03,0.8877005347593583,0.053475935828877,0.0,50.99473262032085,Homology,MODELLER,Homology
Q21NZ2,Q21NZ2,Saccharophagus degradans (strain 2-40 / ATCC 43961 / DSM 17024),bacterial,GH10,670.0,2360.94,3.52379104477612,674.0,31.0,0.0,35394.52,1.0059701492537314,0.0462686567164179,0.0,52.82764179104477,Homology,MODELLER,Homology
Q21PD4,Q21PD4,Saccharophagus degradans (strain 2-40 / ATCC 43961 / DSM 17024),bacterial,GH10,574.0,2575.84,4.487526132404182,572.0,10.0,0.0,23109.82,0.9965156794425089,0.0174216027874564,0.0,40.26101045296167,Homology,MODELLER,Homology
Q27SW6,Q27SW6,Rhizobium leguminosarum bv. trifolii,bacterial,GH10,357.0,582.786,1.6324537815126048,341.0,18.0,0.0,16022.93,0.9551820728291316,0.0504201680672268,0.0,44.8821568627451,Homology,MODELLER,Homology
Q288H9,Q288H9,Flavobacterium sp. MSY2,bacterial,GH10,371.0,147.529,0.3976522911051213,331.0,18.0,0.0,19253.45,0.8921832884097035,0.0485175202156334,0.0,51.89609164420485,Homology,MODELLER,Homology
Q31ND9,Q31ND9,Synechococcus elongatus (strain ATCC 33912 / PCC 7942 / FACHB-805) (Anacystis nidulans R2),bacterial,GH10,373.0,439.504,1.1782949061662198,352.0,10.0,0.0,16655.81,0.9436997319034852,0.0268096514745308,0.0,44.65364611260054,Homology,MODELLER,Homology
Q3BMC2,Q3BMC2,Xanthomonas euvesicatoria pv. vesicatoria (strain 85-10) (Xanthomonas campestris pv. vesicatoria),bacterial,GH10,330.0,372.998,1.1302969696969696,306.0,13.0,0.0,15008.46,0.9272727272727272,0.0393939393939393,0.0,45.48018181818181,Homology,MODELLER,Homology
Q3BMC7,Q3BMC7,Xanthomonas euvesicatoria pv. vesicatoria (strain 85-10) (Xanthomonas campestris pv. vesicatoria),bacterial,GH10,410.0,203.403,0.4961048780487804,371.0,15.0,0.0,22556.49,0.9048780487804878,0.0365853658536585,0.0,55.01582926829269,Homology,MODELLER,Homology
Q3MDD9,Q3MDD9,Trichormus variabilis (strain ATCC 29413 / PCC 7937) (Anabaena variabilis),bacterial,GH10,382.0,657.533,1.7212905759162305,379.0,11.0,0.0,17982.96,0.9921465968586388,0.0287958115183246,0.0,47.075811518324606,Homology,MODELLER,Homology
Q3YAW6,Q3YAW6,Cellulomonas fimi,bacterial,GH10,469.0,222.309,0.4740063965884861,437.0,19.0,2.0,32447.42,0.9317697228144988,0.0405117270788912,0.0042643923240938,69.1842643923241,Homology,MODELLER,Homology
Q3YBZ9,Q3YBZ9,Geobacillus stearothermophilus (Bacillus stearothermophilus),bacterial,GH10,331.0,-16.3822,-0.0494930513595166,293.0,27.0,0.0,14320.54,0.8851963746223565,0.0815709969788519,0.0,43.26447129909366,Homology,MODELLER,Homology
Q47871,Q47871,Eubacterium ruminantium,bacterial,GH10,827.0,3016.41,3.647412333736397,846.0,17.0,0.0,52521.67,1.022974607013301,0.0205562273276904,0.0,63.508669891172914,Homology,MODELLER,Homology
Q47L48,Q47L48,Thermobifida fusca (strain YX),bacterial,GH10,399.0,534.877,1.3405438596491226,373.0,19.0,0.0,19556.91,0.9348370927318296,0.0476190476190476,0.0,49.014812030075184,Homology,MODELLER,Homology
Q482C3,Q482C3,Colwellia psychrerythraea (strain 34H / ATCC BAA-681) (Vibrio psychroerythus),bacterial,GH10,386.0,568.82,1.4736269430051814,383.0,11.0,0.0,19120.45,0.9922279792746114,0.0284974093264248,0.0,49.53484455958549,Homology,MODELLER,Homology
Q482D0,Q482D0,Colwellia psychrerythraea (strain 34H / ATCC BAA-681) (Vibrio psychroerythus),bacterial,GH10,457.0,1023.18,2.23890590809628,445.0,15.0,0.0,23111.83,0.973741794310722,0.0328227571115973,0.0,50.572932166301975,Homology,MODELLER,Homology
Q4ZMT4,Q4ZMT4,Pseudomonas syringae pv. syringae (strain B728a),bacterial,GH10,370.0,394.649,1.066618918918919,349.0,15.0,0.0,17881.88,0.9432432432432432,0.0405405405405405,0.0,48.32940540540541,Homology,MODELLER,Homology
Q52307,Q52307,Xylanibacter ruminicola (Prevotella ruminicola),bacterial,GH10,707.0,2205.33,3.119278642149929,719.0,13.0,0.0,38724.68,1.016973125884017,0.0183875530410183,0.0,54.77323903818954,Homology,MODELLER,Homology
Q59150,Q59150,Caldicellulosiruptor bescii (Anaerocellum thermophilum),bacterial,GH10,688.0,3058.87,4.446031976744186,706.0,10.0,0.0,42016.56,1.0261627906976745,0.0145348837209302,0.0,61.07058139534883,Homology,MODELLER,Homology
Q59278,Q59278,Cellulomonas fimi,bacterial,GH10,1187.0,4412.77,3.7175821398483575,1210.0,35.0,0.0,74474.02,1.0193765796124683,0.029486099410278,0.0,62.74138163437237,Homology,MODELLER,Homology
Q59301,Q59301,Cellvibrio mixtus,bacterial,GH10,621.0,878.907,1.4153091787439611,586.0,14.0,0.0,46427.17,0.9436392914653784,0.0225442834138486,0.0,74.76194847020933,Homology,MODELLER,Homology
Q5KQS0,Q5KQS0,Pseudomonas sp. ND137,bacterial,GH10,444.0,1218.05,2.743355855855856,439.0,9.0,0.0,20009.63,0.9887387387387389,0.0202702702702702,0.0,45.06673423423424,Homology,MODELLER,Homology
Q60041,Q60041,Thermotoga neapolitana,bacterial,GH10,346.0,-4.54354,-0.0131316184971098,316.0,29.0,0.0,16587.48,0.9132947976878611,0.0838150289017341,0.0,47.940693641618495,Homology,MODELLER,Homology
Q60042,Q60042,Thermotoga neapolitana,bacterial,GH10,1055.0,2107.41,1.9975450236966823,944.0,8.0,0.0,139851.24,0.8947867298578199,0.0075829383886255,0.0,132.56041706161136,Homology,MODELLER,Homology
Q60043,Q60043,Thermoanaerobacterium,bacterial,GH10,1348.0,5387.61,3.996743323442136,1320.0,21.0,0.0,106935.38,0.9792284866468842,0.0155786350148367,0.0,79.32891691394659,Homology,MODELLER,Homology
Q60046,Q60046,Thermoanaerobacterium thermosulfurigenes (Clostridium thermosulfurogenes),bacterial,GH10,1234.0,3655.89,2.9626337115072934,1219.0,22.0,0.0,99041.96,0.9878444084278768,0.0178282009724473,0.0,80.26090761750406,Homology,MODELLER,Homology
Q6TDT4,Q6TDT4,Alkalihalobacillus alcalophilus (Bacillus alcalophilus),bacterial,GH10,339.0,109.6,0.3233038348082596,300.0,19.0,0.0,15616.43,0.8849557522123894,0.0560471976401179,0.0,46.06616519174042,Homology,MODELLER,Homology
Q6U892,Q6U892,Cytobacillus firmus (Bacillus firmus),bacterial,GH10,396.0,62.764,0.1584949494949495,350.0,23.0,0.0,20981.65,0.8838383838383839,0.058080808080808,0.0,52.98396464646465,Homology,MODELLER,Homology
Q70DK4,Q70DK4,Acetivibrio thermocellus (Hungateiclostridium thermocellum) (Clostridium thermocellum),bacterial,GH10,639.0,1704.68,2.6677308294209703,619.0,19.0,0.0,32369.08,0.9687010954616588,0.0297339593114241,0.0,50.6558372456964,Homology,MODELLER,Homology
Q76BV3,Q76BV3,Streptomyces thermoviolaceus,bacterial,GH10,476.0,138.859,0.2917205882352941,439.0,29.0,5.0,21733.58,0.9222689075630252,0.0609243697478991,0.0105042016806722,45.658781512605046,Homology,MODELLER,Homology
Q7CX80,Q7CX80,Agrobacterium fabrum (strain C58 / ATCC 33970) (Agrobacterium tumefaciens (strain C58)),bacterial,GH10,355.0,431.225,1.214718309859155,343.0,11.0,0.0,15241.37,0.9661971830985916,0.0309859154929577,0.0,42.93343661971832,Homology,MODELLER,Homology
Q7UF11,Q7UF11,Rhodopirellula baltica (strain DSM 10527 / NCIMB 13988 / SH1),bacterial,GH10,1564.0,6644.91,4.24866368286445,1594.0,34.0,0.0,112500.05,1.0191815856777493,0.0217391304347826,0.0,71.93097826086957,Homology,MODELLER,Homology
Q7UKV6,Q7UKV6,Rhodopirellula baltica (strain DSM 10527 / NCIMB 13988 / SH1),bacterial,GH10,627.0,1671.47,2.665821371610845,617.0,15.0,0.0,34716.39,0.9840510366826156,0.0239234449760765,0.0,55.36904306220096,Homology,MODELLER,Homology
Q7UM13,Q7UM13,Rhodopirellula baltica (strain DSM 10527 / NCIMB 13988 / SH1),bacterial,GH10,597.0,1447.09,2.42393634840871,598.0,27.0,0.0,29729.99,1.001675041876047,0.0452261306532663,0.0,49.79897822445562,Homology,MODELLER,Homology
Q7WUM6,Q7WUM6,Thermotoga maritima,bacterial,GH10,347.0,-13.1615,-0.0379293948126801,319.0,36.0,0.0,16877.16,0.9193083573487032,0.1037463976945245,0.0,48.63734870317003,Homology,MODELLER,Homology
Q7WVV0,Q7WVV0,Thermotoga maritima,bacterial,GH10,347.0,-30.9624,-0.089228818443804,322.0,32.0,0.0,17028.19,0.9279538904899136,0.0922190201729106,0.0,49.07259365994236,Homology,MODELLER,Homology
Q7X2C9,Q7X2C9,Streptomyces tendae,bacterial,GH10,389.0,106.111,0.2727789203084833,357.0,25.0,5.0,17051.7,0.9177377892030848,0.0642673521850899,0.0128534704370179,43.83470437017995,Homology,MODELLER,Homology
Q84IG0,Q84IG0,Pseudomonas sp. PE2,bacterial,GH10,611.0,1746.23,2.857986906710311,617.0,19.0,0.0,33209.3,1.0098199672667758,0.0310965630114566,0.0,54.352373158756144,Homology,MODELLER,Homology
Q89T09,Q89T09,Bradyrhizobium diazoefficiens (strain JCM 10833 / BCRC 13528 / IAM 13628 / NBRC 14792 / USDA 110),bacterial,GH10,355.0,522.219,1.4710394366197184,336.0,18.0,0.0,15238.37,0.9464788732394366,0.0507042253521126,0.0,42.92498591549296,Homology,MODELLER,Homology
Q8CJQ1,Q8CJQ1,Streptomyces coelicolor (strain ATCC BAA-471 / A3(2) / M145),bacterial,GH10,477.0,145.543,0.3051215932914046,442.0,25.0,5.0,21813.0,0.9266247379454928,0.0524109014675052,0.010482180293501,45.72955974842768,Homology,MODELLER,Homology
Q8DHP3,Q8DHP3,Thermosynechococcus vestitus (strain NIES-2133 / IAM M-273 / BP-1),bacterial,GH10,385.0,725.932,1.8855376623376623,362.0,7.0,0.0,17336.71,0.9402597402597402,0.0181818181818181,0.0,45.03041558441558,Homology,MODELLER,Homology
Q8GBY5,Q8GBY5,Segatella bryantii (Prevotella bryantii),bacterial,GH10,369.0,179.336,0.4860054200542005,326.0,20.0,0.0,17835.44,0.8834688346883469,0.05420054200542,0.0,48.33452574525745,Homology,MODELLER,Homology
Q8GHJ4,Q8GHJ4,Paenibacillus sp. W-61,bacterial,GH10,1326.0,1580.74,1.1921116138763197,1238.0,20.0,0.0,146191.03,0.933634992458522,0.0150829562594268,0.0,110.2496455505279,Homology,MODELLER,Homology
Q8GJ37,Q8GJ37,Thermoclostridium stercorarium (Clostridium stercorarium),bacterial,GH10,1032.0,3054.44,2.959728682170543,834.0,7.0,0.0,126537.48,0.8081395348837209,0.0067829457364341,0.0,122.61383720930232,Homology,MODELLER,Homology
Q8GJ38,Q8GJ38,Thermoclostridium stercorarium (Clostridium stercorarium),bacterial,GH10,387.0,43.5801,0.1126100775193798,355.0,29.0,0.0,20988.03,0.917312661498708,0.0749354005167958,0.0,54.23263565891472,Homology,MODELLER,Homology
Q8GMV6,Q8GMV6,Thermopolyspora flexuosa,bacterial,GH10,492.0,140.977,0.2865386178861788,459.0,28.0,5.0,23471.11,0.9329268292682928,0.056910569105691,0.0101626016260162,47.7055081300813,Homology,MODELLER,Homology
Q8L2X3,Q8L2X3,Bacillus pumilus (Bacillus mesentericus),bacterial,GH10,409.0,765.492,1.8716185819070903,403.0,19.0,0.0,19089.64,0.9853300733496332,0.0464547677261613,0.0,46.673936430317845,Homology,MODELLER,Homology
Q97TI5,Q97TI5,Clostridium acetobutylicum (strain ATCC 824 / DSM 792 / JCM 1419 / IAM 19013 / LMG 5710 / NBRC 13948 / NRRL B-527 / VKM B-1787 / 2291 / W),bacterial,GH10,318.0,428.677,1.3480408805031447,300.0,6.0,0.0,13564.4,0.9433962264150944,0.0188679245283018,0.0,42.65534591194969,Homology,MODELLER,Homology
Q97TP5,Q97TP5,Clostridium acetobutylicum (strain ATCC 824 / DSM 792 / JCM 1419 / IAM 19013 / LMG 5710 / NBRC 13948 / NRRL B-527 / VKM B-1787 / 2291 / W),bacterial,GH10,318.0,502.676,1.5807421383647795,303.0,6.0,0.0,13558.95,0.9528301886792452,0.0188679245283018,0.0,42.63820754716981,Homology,MODELLER,Homology
Q9A404,Q9A404,Caulobacter vibrioides (strain ATCC 19089 / CIP 103742 / CB 15) (Caulobacter crescentus),bacterial,GH10,330.0,214.416,0.6497454545454545,301.0,22.0,0.0,15085.75,0.912121212121212,0.0666666666666666,0.0,45.714393939393936,Homology,MODELLER,Homology
Q9A4M7,Q9A4M7,Caulobacter vibrioides (strain ATCC 19089 / CIP 103742 / CB 15) (Caulobacter crescentus),bacterial,GH10,376.0,377.142,1.003037234042553,351.0,15.0,0.0,19208.27,0.9335106382978724,0.0398936170212766,0.0,51.08582446808511,Homology,MODELLER,Homology
Q9AJR9,Q9AJR9,Acidobacterium capsulatum,bacterial,GH10,405.0,405.452,1.001116049382716,376.0,17.0,0.0,19571.69,0.928395061728395,0.0419753086419753,0.0,48.32516049382716,Homology,MODELLER,Homology
Q9F107,Q9F107,Fibrobacter succinogenes (strain ATCC 19169 / S85),bacterial,GH10,586.0,1891.85,3.2284129692832764,571.0,17.0,0.0,29450.3,0.9744027303754266,0.0290102389078498,0.0,50.256484641638224,Homology,MODELLER,Homology
Q9F1V3,Q9F1V3,Ruminiclostridium josui (Clostridium josui),bacterial,GH10,1050.0,2191.96,2.0875809523809523,1039.0,4.0,0.0,118281.73,0.9895238095238096,0.0038095238095238,0.0,112.64926666666666,Homology,MODELLER,Homology
Q9F4L0,Q9F4L0,Fibrobacter succinogenes (strain ATCC 19169 / S85),bacterial,GH10,623.0,3034.92,4.871460674157303,633.0,22.0,0.0,26774.72,1.0160513643659712,0.0353130016051364,0.0,42.9770786516854,Homology,MODELLER,Homology
Q9F9B8,Q9F9B8,Paenibacillus sp. KCTC8848P,bacterial,GH10,317.0,515.8,1.627129337539432,298.0,8.0,0.0,13382.98,0.94006309148265,0.0252365930599369,0.0,42.2176025236593,Homology,MODELLER,Homology
Q9L8L8,Q9L8L8,[Caldibacillus] cellulovorans,bacterial,GH10,921.0,2272.31,2.467220412595005,934.0,17.0,0.0,76776.5,1.014115092290988,0.018458197611292,0.0,83.36210640608034,Homology,MODELLER,Homology
Q9R6T4,Q9R6T4,Thermotoga sp. FjSS3-B.1,bacterial,GH10,1055.0,2321.49,2.200464454976303,970.0,13.0,0.0,136675.16,0.919431279620853,0.0123222748815165,0.0,129.54991469194314,Homology,MODELLER,Homology
Q9RBZ5,Q9RBZ5,Cellvibrio japonicus (Pseudomonas fluorescens subsp. cellulosa),bacterial,GH10,378.0,70.3647,0.18615,332.0,29.0,0.0,19549.95,0.8783068783068783,0.0767195767195767,0.0,51.71944444444445,Homology,MODELLER,Homology
Q9RJ91,Q9RJ91,Streptomyces coelicolor (strain ATCC BAA-471 / A3(2) / M145),bacterial,GH10,450.0,194.638,0.4325288888888889,417.0,19.0,2.0,28900.87,0.9266666666666666,0.0422222222222222,0.0044444444444444,64.22415555555555,Homology,MODELLER,Homology
Q9RMM5,Q9RMM5,Streptomyces thermocyaneoviolaceus,bacterial,GH10,476.0,146.601,0.3079852941176471,436.0,30.0,4.0,22089.02,0.9159663865546218,0.0630252100840336,0.0084033613445378,46.40550420168067,Homology,MODELLER,Homology
Q9RQB7,Q9RQB7,Xylanimonas pachnodae,bacterial,GH10,1183.0,2359.11,1.9941758241758245,1171.0,14.0,0.0,96422.48,0.9898562975486052,0.0118343195266272,0.0,81.50674556213018,Homology,MODELLER,Homology
Q9WWJ9,Q9WWJ9,Thermotoga sp. FjSS3-B.1,bacterial,GH10,1020.0,1654.98,1.622529411764706,946.0,5.0,0.0,127955.24,0.9274509803921568,0.0049019607843137,0.0,125.4463137254902,Homology,MODELLER,Homology
Q9X3P5,Q9X3P5,Caldicellulosiruptor sp. Tok7B.1,bacterial,GH10,1770.0,6366.85,3.597090395480226,1809.0,23.0,0.0,119839.82,1.0220338983050847,0.0129943502824858,0.0,67.70611299435029,Homology,MODELLER,Homology
Q9X583,Q9X583,Streptomyces chattanoogensis,bacterial,GH10,819.0,2315.69,2.827460317460317,843.0,14.0,0.0,59641.81,1.0293040293040292,0.017094017094017,0.0,72.82272283272283,Homology,MODELLER,Homology
Q9X584,Q9X584,Streptomyces avermitilis,bacterial,GH10,438.0,156.391,0.3570570776255707,401.0,32.0,4.0,22302.32,0.9155251141552512,0.0730593607305936,0.0091324200913242,50.918538812785386,Homology,MODELLER,Homology
Q9XDV5,Q9XDV5,Thermoclostridium stercorarium (Clostridium stercorarium),bacterial,GH10,1031.0,2724.28,2.6423666343355965,895.0,9.0,0.0,124800.22,0.8680892337536372,0.008729388942774,0.0,121.04774005819591,Homology,MODELLER,Homology
Q9Z485,Q9Z485,Aeromonas caviae (Aeromonas punctata),bacterial,GH10,941.0,562.182,0.5974303931987248,894.0,26.0,0.0,94167.49,0.9500531349628056,0.0276301806588735,0.0,100.0717215727949,Homology,MODELLER,Homology
A2AWV8,A2AWV8,Cellulomonas flavigena,bacterial,GH11,332.0,193.039,0.5814427710843373,371.0,3.0,0.0,25215.31,1.1174698795180722,0.0090361445783132,0.0,75.94972891566266,Homology,MODELLER,Homology
A3DJP0,A3DJP0,Acetivibrio thermocellus (strain ATCC 27405 / DSM 1237 / JCM 9322 / NBRC 103400 / NCIMB 10682 / NRRL B-4536 / VPI 7372) (Clostridium thermocellum),bacterial,GH11,683.0,436.965,0.6397730600292826,660.0,15.0,0.0,71335.49,0.9663250366032212,0.0219619326500732,0.0,104.44434846266472,Homology,MODELLER,Homology
A3QRI7,A3QRI7,Paenibacillus sp. HY8,bacterial,GH11,211.0,78.0342,0.3698303317535545,242.0,3.0,0.0,11297.85,1.146919431279621,0.0142180094786729,0.0,53.54431279620853,Homology,MODELLER,Homology
A4GG22,A4GG22,Paenibacillus sp. DG-22,bacterial,GH11,211.0,73.0717,0.346311374407583,246.0,3.0,0.0,11444.55,1.1658767772511849,0.0142180094786729,0.0,54.23957345971564,Homology,MODELLER,Homology
A4K8J7,A4K8J7,Streptomyces olivaceoviridis (Streptomyces corchorusii),bacterial,GH11,189.0,111.564,0.5902857142857143,225.0,2.0,0.0,8583.22,1.1904761904761905,0.0105820105820105,0.0,45.413862433862434,Homology,MODELLER,Homology
A5H0S3,A5H0S3,Bacillus licheniformis,bacterial,GH11,213.0,58.1017,0.2727779342723004,250.0,2.0,0.0,11986.59,1.1737089201877935,0.0093896713615023,0.0,56.275070422535215,Homology,MODELLER,Homology
A7Z9N2,A7Z9N2,Bacillus velezensis (strain DSM 23117 / BGSC 10A6 / LMG 26770 / FZB42) (Bacillus amyloliquefaciens subsp. plantarum),bacterial,GH11,213.0,71.7097,0.3366652582159624,250.0,3.0,0.0,11253.11,1.1737089201877935,0.0140845070422535,0.0,52.831502347417846,Homology,MODELLER,Homology
A8FE31,A8FE31,Bacillus pumilus (strain SAFR-032),bacterial,GH11,228.0,79.7601,0.349825,270.0,9.0,0.0,12430.4,1.1842105263157894,0.0394736842105263,0.0,54.51929824561403,Homology,MODELLER,Homology
A9EQP3,A9EQP3,Sorangium cellulosum (strain So ce56) (Polyangium cellulosum (strain So ce56)),bacterial,GH11,411.0,923.603,2.247209245742092,483.0,11.0,0.0,20210.51,1.1751824817518248,0.0267639902676399,0.0,49.1739902676399,Homology,MODELLER,Homology
A9EUR0,A9EUR0,Sorangium cellulosum (strain So ce56) (Polyangium cellulosum (strain So ce56)),bacterial,GH11,333.0,496.925,1.4922672672672672,376.0,4.0,0.0,22895.01,1.1291291291291292,0.012012012012012,0.0,68.75378378378377,Homology,MODELLER,Homology
A9G323,A9G323,Sorangium cellulosum (strain So ce56) (Polyangium cellulosum (strain So ce56)),bacterial,GH11,401.0,625.788,1.560568578553616,441.0,5.0,0.0,27568.76,1.0997506234413963,0.0124688279301745,0.0,68.75002493765585,Homology,MODELLER,Homology
A9GEL6,A9GEL6,Sorangium cellulosum (strain So ce56) (Polyangium cellulosum (strain So ce56)),bacterial,GH11,322.0,571.779,1.7757111801242236,357.0,6.0,0.0,16129.84,1.108695652173913,0.0186335403726708,0.0,50.092670807453416,Homology,MODELLER,Homology
A9GHF8,A9GHF8,Sorangium cellulosum (strain So ce56) (Polyangium cellulosum (strain So ce56)),bacterial,GH11,510.0,2016.58,3.9540784313725488,560.0,4.0,0.0,30468.08,1.0980392156862746,0.0078431372549019,0.0,59.74133333333334,Homology,MODELLER,Homology
A9KJ59,A9KJ59,Lachnoclostridium phytofermentans (strain ATCC 700394 / DSM 18823 / ISDg) (Clostridium phytofermentans),bacterial,GH11,212.0,81.6186,0.3849933962264151,247.0,3.0,0.0,11508.68,1.1650943396226414,0.0141509433962264,0.0,54.28622641509434,Homology,MODELLER,Homology
B0ZSE5,B0ZSE5,Streptomyces sp. zxy19,bacterial,GH11,231.0,83.437,0.3611991341991342,271.0,6.0,0.0,13390.99,1.173160173160173,0.0259740259740259,0.0,57.96965367965368,Homology,MODELLER,Homology
B1A4I1,B1A4I1,Bacillus pumilus (Bacillus mesentericus),bacterial,GH11,228.0,70.1434,0.3076464912280702,267.0,7.0,0.0,12292.69,1.1710526315789471,0.0307017543859649,0.0,53.91530701754386,Homology,MODELLER,Homology
B1ZMX2,B1ZMX2,Opitutus terrae (strain DSM 11246 / JCM 15787 / PB90-1),bacterial,GH11,221.0,226.276,1.0238733031674208,260.0,3.0,0.0,12346.49,1.1764705882352942,0.0135746606334841,0.0,55.866470588235295,Homology,MODELLER,Homology
B2KJ43,B2KJ43,Streptomyces thermovulgaris,bacterial,GH11,279.0,144.738,0.518774193548387,315.0,5.0,0.0,20052.05,1.1290322580645162,0.017921146953405,0.0,71.87114695340502,Homology,MODELLER,Homology
B3PIN0,B3PIN0,Cellvibrio japonicus (strain Ueda107) (Pseudomonas fluorescens subsp. cellulosa),bacterial,GH11,357.0,432.509,1.2115098039215686,396.0,2.0,0.0,27652.33,1.1092436974789917,0.0056022408963585,0.0,77.45750700280112,Homology,MODELLER,Homology
B3PIN1,B3PIN1,Cellvibrio japonicus (strain Ueda107) (Pseudomonas fluorescens subsp. cellulosa),bacterial,GH11,661.0,1427.14,2.159062027231468,651.0,0.0,1.0,70667.27,0.9848714069591528,0.0,0.0015128593040847,106.90963691376705,Homology,MODELLER,Homology
B5M6I0,B5M6I0,Bacillus amyloliquefaciens (Bacillus velezensis),bacterial,GH11,213.0,69.3665,0.3256643192488263,245.0,3.0,0.0,11561.23,1.1502347417840375,0.0140845070422535,0.0,54.27807511737089,Homology,MODELLER,Homology
B5YCB5,B5YCB5,Dictyoglomus thermophilum (strain ATCC 35947 / DSM 3960 / H-6-12),bacterial,GH11,360.0,189.188,0.5255222222222222,396.0,7.0,0.0,29464.82,1.1,0.0194444444444444,0.0,81.84672222222223,Homology,MODELLER,Homology
B8E1P4,B8E1P4,Dictyoglomus turgidum (strain DSM 6724 / Z-1310),bacterial,GH11,356.0,185.938,0.5222977528089887,395.0,5.0,0.0,29472.61,1.1095505617977528,0.0140449438202247,0.0,82.78823033707866,Homology,MODELLER,Homology
B8I371,B8I371,Ruminiclostridium cellulolyticum (strain ATCC 35319 / DSM 5812 / JCM 6584 / H10) (Clostridium cellulolyticum),bacterial,GH11,212.0,83.9668,0.3960698113207547,244.0,3.0,0.0,11640.24,1.150943396226415,0.0141509433962264,0.0,54.90679245283019,Homology,MODELLER,Homology
B8I7X1,B8I7X1,Ruminiclostridium cellulolyticum (strain ATCC 35319 / DSM 5812 / JCM 6584 / H10) (Clostridium cellulolyticum),bacterial,GH11,298.0,253.47,0.8505704697986577,337.0,11.0,0.0,16181.91,1.1308724832214765,0.0369127516778523,0.0,54.30171140939597,Homology,MODELLER,Homology
B9MLP1,B9MLP1,Caldicellulosiruptor bescii (strain ATCC BAA-1888 / DSM 6725 / KCTC 15123 / Z-1320) (Anaerocellum thermophilum),bacterial,GH11,357.0,182.074,0.5100112044817927,391.0,6.0,0.0,29098.79,1.0952380952380951,0.0168067226890756,0.0,81.50921568627452,Homology,MODELLER,Homology
B9ZZN9,B9ZZN9,Bacillus subtilis,bacterial,GH11,213.0,55.0629,0.2585112676056338,249.0,3.0,0.0,11401.98,1.1690140845070425,0.0140845070422535,0.0,53.53042253521127,Homology,MODELLER,Homology
C5BMU2,C5BMU2,Teredinibacter turnerae (strain ATCC 39867 / T7901),bacterial,GH11,894.0,2166.36,2.423221476510068,922.0,2.0,0.0,81785.18,1.0313199105145414,0.0022371364653243,0.0,91.48230425055928,Homology,MODELLER,Homology
C5BQU7,C5BQU7,Teredinibacter turnerae (strain ATCC 39867 / T7901),bacterial,GH11,1051.0,3463.96,3.295870599429115,1071.0,13.0,0.0,74684.07,1.0190294957183634,0.0123691722169362,0.0,71.06000951474786,Homology,MODELLER,Homology
C5BU21,C5BU21,Teredinibacter turnerae (strain ATCC 39867 / T7901),bacterial,GH11,687.0,1400.92,2.039184861717613,684.0,1.0,0.0,70126.01,0.9956331877729258,0.0014556040756914,0.0,102.0757059679767,Homology,MODELLER,Homology
C5BU23,C5BU23,Teredinibacter turnerae (strain ATCC 39867 / T7901),bacterial,GH11,685.0,1450.85,2.118029197080292,649.0,1.0,0.0,74668.05,0.9474452554744526,0.0014598540145985,0.0,109.00445255474452,Homology,MODELLER,Homology
C5BU24,C5BU24,Teredinibacter turnerae (strain ATCC 39867 / T7901),bacterial,GH11,369.0,343.594,0.9311490514905147,408.0,5.0,0.0,29340.71,1.1056910569105691,0.013550135501355,0.0,79.5141192411924,Homology,MODELLER,Homology
C5MTD6,C5MTD6,Bacillus sp. YJ6,bacterial,GH11,213.0,63.1271,0.2963713615023474,250.0,3.0,0.0,11619.53,1.1737089201877935,0.0140845070422535,0.0,54.55178403755869,Homology,MODELLER,Homology
C6F1T5,C6F1T5,Bacillus subtilis,bacterial,GH11,213.0,73.9996,0.3474159624413145,249.0,4.0,0.0,11363.49,1.1690140845070425,0.0187793427230046,0.0,53.34971830985916,Homology,MODELLER,Homology
C7DZC1,C7DZC1,Priestia megaterium (Bacillus megaterium),bacterial,GH11,213.0,57.8894,0.271781220657277,248.0,3.0,0.0,11630.45,1.164319248826291,0.0140845070422535,0.0,54.603051643192494,Homology,MODELLER,Homology
C7PX63,C7PX63,Catenulispora acidiphila (strain DSM 44928 / JCM 14897 / NBRC 102108 / NRRL B-24433 / ID139908),bacterial,GH11,337.0,266.834,0.7917922848664688,376.0,1.0,0.0,24872.5,1.1157270029673592,0.0029673590504451,0.0,73.80563798219585,Homology,MODELLER,Homology
C7PX75,C7PX75,Catenulispora acidiphila (strain DSM 44928 / JCM 14897 / NBRC 102108 / NRRL B-24433 / ID139908),bacterial,GH11,494.0,936.5,1.895748987854251,520.0,1.0,0.0,34544.03,1.0526315789473684,0.0020242914979757,0.0,69.92718623481781,Homology,MODELLER,Homology
C7Q365,C7Q365,Catenulispora acidiphila (strain DSM 44928 / JCM 14897 / NBRC 102108 / NRRL B-24433 / ID139908),bacterial,GH11,380.0,308.478,0.8117842105263158,411.0,4.0,0.0,30631.99,1.081578947368421,0.0105263157894736,0.0,80.6105,Homology,MODELLER,Homology
C7R2M6,C7R2M6,Jonesia denitrificans (strain ATCC 14870 / DSM 20603 / BCRC 15368 / CIP 55.134 / JCM 11481 / NBRC 15587 / NCTC 10816 / Prevot 55134) (Listeria denitrificans),bacterial,GH11,428.0,896.583,2.094820093457944,451.0,5.0,0.0,35795.25,1.0537383177570094,0.0116822429906542,0.0,83.63376168224299,Homology,MODELLER,Homology
C8CB65,C8CB65,Bacillus pumilus (Bacillus mesentericus),bacterial,GH11,228.0,78.6218,0.3448324561403508,270.0,9.0,0.0,11911.4,1.1842105263157894,0.0394736842105263,0.0,52.242982456140346,Homology,MODELLER,Homology
C9RK54,C9RK54,Fibrobacter succinogenes (strain ATCC 19169 / S85),bacterial,GH11,327.0,421.673,1.289519877675841,366.0,6.0,0.0,21766.9,1.1192660550458715,0.018348623853211,0.0,66.56544342507645,Homology,MODELLER,Homology
C9RLL3,C9RLL3,Fibrobacter succinogenes (strain ATCC 19169 / S85),bacterial,GH11,367.0,532.969,1.452231607629428,412.0,9.0,0.0,20087.25,1.1226158038147138,0.0245231607629427,0.0,54.73365122615804,Homology,MODELLER,Homology
C9Z2V1,C9Z2V1,Streptomyces scabiei (strain 87.22),bacterial,GH11,232.0,77.544,0.3342413793103448,272.0,4.0,0.0,13306.79,1.1724137931034482,0.0172413793103448,0.0,57.35685344827586,Homology,MODELLER,Homology
D1BXH1,D1BXH1,Xylanimonas cellulosilytica (strain DSM 15894 / JCM 12276 / CECT 5975 / KCTC 9989 / LMG 20990 / NBRC 107835 / XIL07),bacterial,GH11,338.0,233.035,0.6894526627218934,378.0,3.0,0.0,24818.56,1.118343195266272,0.0088757396449704,0.0,73.42769230769231,Homology,MODELLER,Homology
D1KJJ7,D1KJJ7,Nesterenkonia xinjiangensis,bacterial,GH11,241.0,152.933,0.6345767634854772,275.0,6.0,0.0,14848.64,1.1410788381742738,0.0248962655601659,0.0,61.612614107883815,Homology,MODELLER,Homology
D2KFL9,D2KFL9,Cellulosilyticum ruminicola,bacterial,GH11,207.0,105.25,0.5084541062801933,240.0,3.0,0.0,10512.66,1.1594202898550725,0.0144927536231884,0.0,50.78579710144928,Homology,MODELLER,Homology
D2KFM0,D2KFM0,Cellulosilyticum ruminicola,bacterial,GH11,544.0,1129.51,2.0763051470588234,555.0,1.0,0.0,50927.86,1.0202205882352942,0.0018382352941176,0.0,93.61738970588236,Homology,MODELLER,Homology
D2KPJ0,D2KPJ0,Bacillus sp. JB99,bacterial,GH11,210.0,71.608,0.3409904761904762,245.0,3.0,0.0,11478.6,1.1666666666666667,0.0142857142857142,0.0,54.66,Homology,MODELLER,Homology
D3GKE3,D3GKE3,Paenibacillus curdlanolyticus,bacterial,GH11,385.0,289.237,0.7512649350649351,442.0,13.0,0.0,20137.47,1.148051948051948,0.0337662337662337,0.0,52.30511688311689,Homology,MODELLER,Homology
D4LFB0,D4LFB0,Ruminococcus champanellensis (strain DSM 18848 / JCM 17042 / KCTC 15320 / 18P13),bacterial,GH11,883.0,2876.38,3.257508493771234,919.0,16.0,0.0,64388.66,1.0407701019252549,0.0181200453001132,0.0,72.92033975084938,Homology,MODELLER,Homology
D5UGI0,D5UGI0,Cellulomonas flavigena (strain ATCC 482 / DSM 20109 / BCRC 11376 / JCM 18109 / NBRC 3775 / NCIMB 8073 / NRS 134),bacterial,GH11,692.0,1386.15,2.0031069364161853,638.0,1.0,0.0,83910.54,0.9219653179190752,0.0014450867052023,0.0,121.2580057803468,Homology,MODELLER,Homology
D5UGI2,D5UGI2,Cellulomonas flavigena (strain ATCC 482 / DSM 20109 / BCRC 11376 / JCM 18109 / NBRC 3775 / NCIMB 8073 / NRS 134),bacterial,GH11,343.0,1137.92,3.3175510204081635,369.0,5.0,0.0,22984.08,1.075801749271137,0.0145772594752186,0.0,67.00897959183673,Homology,MODELLER,Homology
D6Y4B1,D6Y4B1,Thermobispora bispora (strain ATCC 19993 / DSM 43833 / CBS 139.67 / JCM 10125 / KCTC 9307 / NBRC 14880 / R51),bacterial,GH11,334.0,187.756,0.5621437125748503,369.0,9.0,0.0,24998.46,1.1047904191616766,0.0269461077844311,0.0,74.8456886227545,Homology,MODELLER,Homology
D7AYW2,D7AYW2,Nocardiopsis dassonvillei (strain ATCC 23218 / DSM 43111 / CIP 107115 / JCM 7437 / KCTC 9190 / NBRC 14626 / NCTC 10488 / NRRL B-5397 / IMRU 509) (Actinomadura dassonvillei),bacterial,GH11,333.0,182.364,0.5476396396396397,365.0,3.0,0.0,25430.95,1.0960960960960962,0.009009009009009,0.0,76.36921921921922,Homology,MODELLER,Homology
D7CCK0,D7CCK0,Streptomyces bingchenggensis (strain BCW-1),bacterial,GH11,229.0,69.8956,0.30522096069869,266.0,4.0,0.0,13039.77,1.1615720524017468,0.0174672489082969,0.0,56.94222707423581,Homology,MODELLER,Homology
D7EZJ3,D7EZJ3,Streptomyces sp,bacterial,GH11,340.0,197.019,0.5794676470588236,378.0,5.0,0.0,27191.35,1.111764705882353,0.0147058823529411,0.0,79.9745588235294,Homology,MODELLER,Homology
D9SP57,D9SP57,Clostridium cellulovorans (strain ATCC 35296 / DSM 3052 / OCM 3 / 743B),bacterial,GH11,520.0,308.313,0.5929096153846154,501.0,8.0,0.0,50921.65,0.9634615384615384,0.0153846153846153,0.0,97.92625,Homology,MODELLER,Homology
E0YTQ6,E0YTQ6,Bacillus subtilis,bacterial,GH11,202.0,55.115,0.2728465346534653,234.0,3.0,0.0,9900.97,1.1584158415841583,0.0148514851485148,0.0,49.01470297029702,Homology,MODELLER,Homology
E1AHZ6,E1AHZ6,Paenibacillus polymyxa (Bacillus polymyxa),bacterial,GH11,211.0,74.9851,0.3553796208530805,246.0,3.0,0.0,11304.98,1.1658767772511849,0.0142180094786729,0.0,53.57810426540284,Homology,MODELLER,Homology
E2IHA1,E2IHA1,Bacillus pumilus (Bacillus mesentericus),bacterial,GH11,228.0,72.4723,0.3178609649122807,270.0,10.0,0.0,11719.3,1.1842105263157894,0.043859649122807,0.0,51.40043859649123,Homology,MODELLER,Homology
E3EBI0,E3EBI0,Paenibacillus polymyxa (strain SC2) (Bacillus polymyxa),bacterial,GH11,212.0,69.1738,0.3262915094339623,246.0,2.0,0.0,11223.98,1.160377358490566,0.0094339622641509,0.0,52.94330188679245,Homology,MODELLER,Homology
E4N0N4,E4N0N4,Kitasatospora setae (strain ATCC 33774 / DSM 43861 / JCM 3304 / KCC A-0304 / NBRC 14216 / KM-6054) (Streptomyces setae),bacterial,GH11,329.0,237.598,0.7221823708206687,364.0,6.0,0.0,25237.53,1.1063829787234043,0.0182370820668693,0.0,76.70981762917933,Homology,MODELLER,Homology
E4Q1W4,E4Q1W4,Caldicellulosiruptor owensensis (strain ATCC 700167 / DSM 13100 / OL),bacterial,GH11,353.0,166.738,0.4723456090651558,391.0,5.0,0.0,28907.01,1.1076487252124645,0.0141643059490084,0.0,81.88954674220963,Homology,MODELLER,Homology
E4SCE2,E4SCE2,Caldicellulosiruptor kronotskyensis (strain DSM 18902 / VKM B-2412 / 2002),bacterial,GH11,358.0,179.685,0.5019134078212291,396.0,7.0,0.0,29101.72,1.106145251396648,0.0195530726256983,0.0,81.28972067039106,Homology,MODELLER,Homology
O52375,O52375,Caldicellulosiruptor sp. Rt69B.1,bacterial,GH11,361.0,200.943,0.5566288088642659,400.0,7.0,0.0,28867.84,1.10803324099723,0.0193905817174515,0.0,79.96631578947368,Homology,MODELLER,Homology
O87118,O87118,Acetivibrio thermocellus (Hungateiclostridium thermocellum) (Clostridium thermocellum),bacterial,GH11,457.0,2000.58,4.377636761487965,475.0,5.0,0.0,24483.94,1.039387308533917,0.0109409190371991,0.0,53.57536105032823,Homology,MODELLER,Homology
P17137,P17137,Clostridium saccharobutylicum,bacterial,GH11,261.0,186.673,0.7152222222222222,297.0,10.0,0.0,15026.79,1.137931034482759,0.0383141762452107,0.0,57.57390804597701,Homology,MODELLER,Homology
P26220,P26220,Streptomyces lividans,bacterial,GH11,240.0,118.293,0.4928875,280.0,3.0,0.0,14183.48,1.1666666666666667,0.0125,0.0,59.09783333333333,Homology,MODELLER,Homology
P33558,P33558,Thermoclostridium stercorarium (Clostridium stercorarium),bacterial,GH11,512.0,1359.43,2.65513671875,519.0,5.0,0.0,32846.86,1.013671875,0.009765625,0.0,64.1540234375,Homology,MODELLER,Homology
P35811,P35811,Fibrobacter succinogenes (strain ATCC 19169 / S85),bacterial,GH11,608.0,2150.96,3.537763157894737,666.0,14.0,0.0,36996.19,1.0953947368421053,0.0230263157894736,0.0,60.84899671052632,Homology,MODELLER,Homology
P45705,P45705,Geobacillus stearothermophilus (Bacillus stearothermophilus),bacterial,GH11,210.0,71.396,0.3399809523809524,242.0,4.0,0.0,11117.87,1.1523809523809525,0.019047619047619,0.0,52.942238095238096,Homology,MODELLER,Homology
P83513,P83513,Pseudobutyrivibrio xylanivorans,bacterial,GH11,602.0,417.525,0.693563122923588,581.0,8.0,0.0,61829.12,0.9651162790697676,0.0132890365448504,0.0,102.70617940199335,Homology,MODELLER,Homology
Q06RH9,Q06RH9,Bacillus pumilus (Bacillus mesentericus),bacterial,GH11,228.0,88.1765,0.3867390350877193,269.0,11.0,0.0,11740.78,1.1798245614035088,0.0482456140350877,0.0,51.49464912280702,Homology,MODELLER,Homology
Q14RS0,Q14RS0,Thermobacillus xylanilyticus,bacterial,GH11,182.0,47.5149,0.2610708791208791,216.0,3.0,0.0,8356.01,1.1868131868131868,0.0164835164835164,0.0,45.91214285714286,Homology,MODELLER,Homology
Q14ST6,Q14ST6,Cellulomonas flavigena,bacterial,GH11,539.0,917.065,1.7014192949907236,551.0,2.0,0.0,55012.56,1.0222634508348794,0.0037105751391465,0.0,102.06411873840445,Homology,MODELLER,Homology
Q1XGE6,Q1XGE6,Paenibacillus sp. W-61,bacterial,GH11,211.0,60.4813,0.2866412322274881,244.0,3.0,0.0,11127.61,1.1563981042654028,0.0142180094786729,0.0,52.73748815165877,Homology,MODELLER,Homology
Q21G61,Q21G61,Saccharophagus degradans (strain 2-40 / ATCC 43961 / DSM 17024),bacterial,GH11,767.0,1360.82,1.7742112125162972,757.0,4.0,0.0,77402.76,0.9869621903520208,0.0052151238591916,0.0,100.91624511082138,Homology,MODELLER,Homology
Q21MW6,Q21MW6,Saccharophagus degradans (strain 2-40 / ATCC 43961 / DSM 17024),bacterial,GH11,275.0,553.222,2.0117163636363635,305.0,5.0,0.0,14203.63,1.1090909090909091,0.0181818181818181,0.0,51.64956363636363,Homology,MODELLER,Homology
Q2I6W5,Q2I6W5,Paenibacillus campinasensis,bacterial,GH11,377.0,186.393,0.4944111405835544,426.0,15.0,0.0,20265.53,1.129973474801061,0.039787798408488,0.0,53.75472148541114,Homology,MODELLER,Homology
Q3HLJ4,Q3HLJ4,Bacillus subtilis,bacterial,GH11,213.0,75.8448,0.3560788732394366,250.0,4.0,0.0,11786.61,1.1737089201877935,0.0187793427230046,0.0,55.33619718309859,Homology,MODELLER,Homology
Q43993,Q43993,Aeromonas caviae (Aeromonas punctata),bacterial,GH11,211.0,72.0114,0.3412862559241706,247.0,3.0,0.0,11448.65,1.1706161137440758,0.0142180094786729,0.0,54.25900473933649,Homology,MODELLER,Homology
Q45VU2,Q45VU2,Bacillus subtilis,bacterial,GH11,213.0,63.6817,0.298975117370892,247.0,3.0,0.0,11374.81,1.15962441314554,0.0140845070422535,0.0,53.40286384976525,Homology,MODELLER,Homology
Q45VU5,Q45VU5,Brevibacillus brevis (Bacillus brevis),bacterial,GH11,213.0,79.6424,0.3739079812206572,250.0,3.0,0.0,11635.45,1.1737089201877935,0.0140845070422535,0.0,54.626525821596246,Homology,MODELLER,Homology
Q45VU6,Q45VU6,Bacillus amyloliquefaciens (Bacillus velezensis),bacterial,GH11,213.0,71.6012,0.3361558685446009,248.0,3.0,0.0,11628.88,1.164319248826291,0.0140845070422535,0.0,54.5956807511737,Homology,MODELLER,Homology
Q45VU9,Q45VU9,Paenibacillus polymyxa (Bacillus polymyxa),bacterial,GH11,211.0,58.4952,0.2772284360189573,248.0,3.0,0.0,11062.65,1.1753554502369667,0.0142180094786729,0.0,52.42962085308056,Homology,MODELLER,Homology
Q47QL8,Q47QL8,Thermobifida fusca (strain YX),bacterial,GH11,338.0,219.236,0.6486272189349113,368.0,6.0,0.0,26485.81,1.0887573964497042,0.0177514792899408,0.0,78.36038461538462,Homology,MODELLER,Homology
Q52644,Q52644,Ruminococcus albus,bacterial,GH11,680.0,1867.29,2.7460147058823527,672.0,7.0,0.0,45321.24,0.9882352941176472,0.0102941176470588,0.0,66.64888235294117,Homology,MODELLER,Homology
Q52753,Q52753,Ruminococcus flavefaciens,bacterial,GH11,781.0,2249.95,2.880857874519846,814.0,11.0,0.0,65817.74,1.0422535211267605,0.0140845070422535,0.0,84.2736747759283,Homology,MODELLER,Homology
Q53317,Q53317,Ruminococcus flavefaciens,bacterial,GH11,802.0,1825.2,2.2758104738154614,807.0,1.0,0.0,78595.0,1.0062344139650872,0.0012468827930174,0.0,97.998753117207,Homology,MODELLER,Homology
Q56013,Q56013,Streptomyces sp. EC3,bacterial,GH11,240.0,112.071,0.4669625,276.0,4.0,0.0,14342.91,1.15,0.0166666666666666,0.0,59.762125,Homology,MODELLER,Homology
Q59257,Q59257,Bacillus sp. YA-335,bacterial,GH11,354.0,98.0096,0.2768632768361582,402.0,13.0,0.0,17915.39,1.1355932203389831,0.0367231638418079,0.0,50.608446327683616,Homology,MODELLER,Homology
Q59300,Q59300,Cellvibrio mixtus,bacterial,GH11,656.0,1249.37,1.90452743902439,671.0,1.0,1.0,66665.16,1.0228658536585369,0.0015243902439024,0.0015243902439024,101.62371951219512,Homology,MODELLER,Homology
Q693B5,Q693B5,Microbulbifer hydrolyticus,bacterial,GH11,417.0,406.139,0.9739544364508392,446.0,5.0,0.0,34943.66,1.0695443645083933,0.0119904076738609,0.0,83.79774580335732,Homology,MODELLER,Homology
Q6GVM9,Q6GVM9,Ruminococcus albus,bacterial,GH11,542.0,898.185,1.6571678966789667,580.0,5.0,0.0,48313.76,1.070110701107011,0.0092250922509225,0.0,89.13977859778598,Homology,MODELLER,Homology
Q6U894,Q6U894,Cytobacillus firmus (Bacillus firmus),bacterial,GH11,210.0,89.3816,0.4256266666666667,243.0,4.0,0.0,11546.94,1.1571428571428573,0.019047619047619,0.0,54.98542857142857,Homology,MODELLER,Homology
Q704N9,Q704N9,Pseudobutyrivibrio xylanivorans,bacterial,GH11,173.0,62.0176,0.3584832369942197,206.0,8.0,0.0,8801.75,1.1907514450867052,0.0462427745664739,0.0,50.877167630057805,Homology,MODELLER,Homology
Q704P0,Q704P0,Pseudobutyrivibrio xylanivorans,bacterial,GH11,172.0,57.4142,0.333803488372093,203.0,10.0,0.0,8781.17,1.180232558139535,0.0581395348837209,0.0,51.05331395348837,Homology,MODELLER,Homology
Q7WYB0,Q7WYB0,Fibrobacter succinogenes (Bacteroides succinogenes),bacterial,GH11,242.0,571.046,2.359694214876033,273.0,5.0,0.0,11232.85,1.128099173553719,0.0206611570247933,0.0,46.416735537190085,Homology,MODELLER,Homology
Q7WYB1,Q7WYB1,Fibrobacter intestinalis,bacterial,GH11,241.0,653.35,2.7109958506224068,278.0,5.0,0.0,11155.24,1.1535269709543567,0.0207468879668049,0.0,46.28730290456432,Homology,MODELLER,Homology
Q84DD2,Q84DD2,uncultured Cellvibrio sp,bacterial,GH11,352.0,402.192,1.1425909090909092,385.0,5.0,0.0,26396.33,1.09375,0.0142045454545454,0.0,74.98957386363637,Homology,MODELLER,Homology
Q8RMN7,Q8RMN7,Bacillus pumilus (Bacillus mesentericus),bacterial,GH11,228.0,82.208,0.3605614035087719,267.0,9.0,0.0,11777.54,1.1710526315789471,0.0394736842105263,0.0,51.65587719298246,Homology,MODELLER,Homology
Q8RMN8,Q8RMN8,Niallia circulans (Bacillus circulans),bacterial,GH11,213.0,70.5951,0.3314323943661972,246.0,3.0,0.0,11621.05,1.1549295774647887,0.0140845070422535,0.0,54.55892018779343,Homology,MODELLER,Homology
Q8VP72,Q8VP72,Cellvibrio japonicus (Pseudomonas fluorescens subsp. cellulosa),bacterial,GH11,357.0,450.064,1.2606834733893555,395.0,1.0,0.0,27477.07,1.1064425770308124,0.0028011204481792,0.0,76.96658263305322,Homology,MODELLER,Homology
Q8VUT4,Q8VUT4,Pseudomonas sp. ND137,bacterial,GH11,346.0,332.302,0.9604104046242776,375.0,3.0,0.0,27063.12,1.083815028901734,0.0086705202312138,0.0,78.21710982658959,Homology,MODELLER,Homology
Q9AG99,Q9AG99,Cellulomonas flavigena,bacterial,GH11,261.0,625.944,2.398252873563218,289.0,0.0,0.0,12247.14,1.10727969348659,0.0,0.0,46.92390804597701,Homology,MODELLER,Homology
Q9AJB4,Q9AJB4,Ruminococcus albus,bacterial,GH11,828.0,1897.14,2.291231884057971,729.0,1.0,0.0,95920.96,0.8804347826086957,0.001207729468599,0.0,115.8465700483092,Homology,MODELLER,Homology
Q9AMB5,Q9AMB5,Bacillus pumilus (Bacillus mesentericus),bacterial,GH11,228.0,89.7049,0.3934425438596491,271.0,9.0,0.0,11952.27,1.1885964912280702,0.0394736842105263,0.0,52.422236842105264,Homology,MODELLER,Homology
Q9EW89,Q9EW89,Streptomyces olivaceoviridis (Streptomyces corchorusii),bacterial,GH11,191.0,23.0904,0.1208921465968586,229.0,3.0,0.0,8319.67,1.198952879581152,0.0157068062827225,0.0,43.55848167539267,Homology,MODELLER,Homology
Q9F9B9,Q9F9B9,Paenibacillus sp. KCTC8848P,bacterial,GH11,212.0,64.4787,0.3041448113207547,245.0,2.0,0.0,11270.72,1.1556603773584906,0.0094339622641509,0.0,53.163773584905655,Homology,MODELLER,Homology
Q9L3K3,Q9L3K3,Ruminococcus flavefaciens,bacterial,GH11,792.0,2870.68,3.62459595959596,819.0,10.0,0.0,58601.12,1.0340909090909092,0.0126262626262626,0.0,73.99131313131313,Homology,MODELLER,Homology
Q9L7Q9,Q9L7Q9,Bacillus pumilus (Bacillus mesentericus),bacterial,GH11,227.0,64.3655,0.2835484581497797,270.0,13.0,0.0,12250.98,1.1894273127753303,0.0572687224669603,0.0,53.96907488986784,Homology,MODELLER,Homology
Q9RKN6,Q9RKN6,Streptomyces coelicolor (strain ATCC BAA-471 / A3(2) / M145),bacterial,GH11,335.0,162.057,0.4837522388059701,375.0,6.0,0.0,26161.77,1.1194029850746268,0.017910447761194,0.0,78.09483582089553,Homology,MODELLER,Homology
Q9RMH9,Q9RMH9,Streptomyces viridosporus,bacterial,GH11,329.0,232.709,0.7073221884498481,367.0,5.0,0.0,24520.87,1.115501519756839,0.0151975683890577,0.0,74.5315197568389,Homology,MODELLER,Homology
Q9RMM4,Q9RMM4,Streptomyces thermocyaneoviolaceus,bacterial,GH11,335.0,289.099,0.8629820895522388,369.0,3.0,0.0,24475.44,1.1014925373134328,0.008955223880597,0.0,73.06101492537313,Homology,MODELLER,Homology
Q9RQB8,Q9RQB8,Xylanimonas pachnodae,bacterial,GH11,335.0,292.268,0.872441791044776,374.0,3.0,0.0,24497.8,1.1164179104477612,0.008955223880597,0.0,73.12776119402984,Homology,MODELLER,Homology
Q9S310,Q9S310,Ruminococcus flavefaciens,bacterial,GH11,802.0,1808.79,2.2553491271820447,810.0,8.0,0.0,77257.89,1.0099750623441397,0.0099750623441396,0.0,96.3315336658354,Homology,MODELLER,Homology
A2I7V1,A2I7V1,Aspergillus versicolor,fungal,GH10,329.0,398.676,1.2117811550151976,304.0,13.0,1.0,12906.69,0.9240121580547112,0.0395136778115501,0.0030395136778115,39.23006079027356,Homology,MODELLER,Homology
B0FXL9,B0FXL9,Trichoderma pseudokoningii,fungal,GH10,355.0,186.268,0.5246985915492958,323.0,14.0,1.0,18209.82,0.9098591549295776,0.0394366197183098,0.0028169014084507,51.2952676056338,Homology,MODELLER,Homology
B1B533,B1B533,Penicillium citrinum,fungal,GH10,327.0,165.936,0.5074495412844037,289.0,18.0,1.0,12740.36,0.8837920489296636,0.055045871559633,0.0030581039755351,38.961345565749234,Homology,MODELLER,Homology
B2ADU0,B2ADU0,Podospora anserina (strain S / ATCC MYA-4624 / DSM 980 / FGSC 10383) (Pleurage anserina),fungal,GH10,355.0,356.443,1.0040647887323944,322.0,12.0,1.0,18396.79,0.9070422535211268,0.0338028169014084,0.0028169014084507,51.82194366197184,Homology,MODELLER,Homology
B2AMK1,B2AMK1,Podospora anserina (strain S / ATCC MYA-4624 / DSM 980 / FGSC 10383) (Pleurage anserina),fungal,GH10,396.0,193.548,0.4887575757575758,358.0,16.0,1.0,22583.84,0.904040404040404,0.0404040404040404,0.0025252525252525,57.02989898989899,Homology,MODELLER,Homology
B2APG8,B2APG8,Podospora anserina (strain S / ATCC MYA-4624 / DSM 980 / FGSC 10383) (Pleurage anserina),fungal,GH10,380.0,749.706,1.9729105263157896,371.0,10.0,2.0,15753.08,0.9763157894736842,0.0263157894736842,0.0052631578947368,41.45547368421053,Homology,MODELLER,Homology
B2AQD3,B2AQD3,Podospora anserina (strain S / ATCC MYA-4624 / DSM 980 / FGSC 10383) (Pleurage anserina),fungal,GH10,359.0,304.746,0.8488746518105849,350.0,18.0,0.0,16284.62,0.9749303621169916,0.0501392757660167,0.0,45.36105849582173,Homology,MODELLER,Homology
B2AV20,B2AV20,Podospora anserina (strain S / ATCC MYA-4624 / DSM 980 / FGSC 10383) (Pleurage anserina),fungal,GH10,368.0,321.142,0.8726684782608696,336.0,13.0,2.0,18229.11,0.9130434782608696,0.0353260869565217,0.0054347826086956,49.535625,Homology,MODELLER,Homology
B2B5D0,B2B5D0,Podospora anserina (strain S / ATCC MYA-4624 / DSM 980 / FGSC 10383) (Pleurage anserina),fungal,GH10,409.0,247.035,0.603997555012225,378.0,13.0,1.0,23111.71,0.9242053789731052,0.0317848410757946,0.0024449877750611,56.50784841075794,Homology,MODELLER,Homology
B2B789,B2B789,Podospora anserina (strain S / ATCC MYA-4624 / DSM 980 / FGSC 10383) (Pleurage anserina),fungal,GH10,359.0,319.462,0.8898662952646239,332.0,13.0,2.0,16270.24,0.924791086350975,0.0362116991643454,0.0055710306406685,45.32100278551532,Homology,MODELLER,Homology
B5WY69,B5WY69,Colletotrichum graminicola (Maize anthracnose fungus) (Glomerella graminicola),fungal,GH10,298.0,80.1777,0.2690526845637584,259.0,17.0,1.0,14444.06,0.8691275167785235,0.0570469798657718,0.0033557046979865,48.47,Homology,MODELLER,Homology
B6DQK6,B6DQK6,Phaeosphaeria nodorum (Glume blotch fungus) (Parastagonospora nodorum),fungal,GH10,452.0,517.197,1.144241150442478,417.0,12.0,1.0,29652.06,0.922566371681416,0.0265486725663716,0.0022123893805309,65.60190265486726,Homology,MODELLER,Homology
B6DQK8,B6DQK8,Phaeosphaeria nodorum (Glume blotch fungus) (Parastagonospora nodorum),fungal,GH10,356.0,326.017,0.9157780898876404,323.0,10.0,1.0,17028.91,0.9073033707865168,0.0280898876404494,0.0028089887640449,47.83401685393258,Homology,MODELLER,Homology
B6F253,B6F253,Penicillium chrysogenum (Penicillium notatum),fungal,GH10,331.0,134.763,0.4071389728096677,290.0,16.0,1.0,14329.44,0.8761329305135952,0.0483383685800604,0.0030211480362537,43.29135951661632,Homology,MODELLER,Homology
B6HDC7,B6HDC7,Penicillium rubens (strain ATCC 28089 / DSM 1075 / NRRL 1951 / Wisconsin 54-1255) (Penicillium chrysogenum),fungal,GH10,331.0,131.859,0.3983655589123867,291.0,18.0,1.0,14369.33,0.879154078549849,0.0543806646525679,0.0030211480362537,43.41187311178248,Homology,MODELLER,Homology
B6HPJ6,B6HPJ6,Penicillium rubens (strain ATCC 28089 / DSM 1075 / NRRL 1951 / Wisconsin 54-1255) (Penicillium chrysogenum),fungal,GH10,396.0,235.811,0.5954823232323232,363.0,12.0,1.0,22129.99,0.9166666666666666,0.0303030303030303,0.0025252525252525,55.88381313131313,Homology,MODELLER,Homology
B7SIW2,B7SIW2,Phanerodontia chrysosporium (White-rot fungus) (Sporotrichum pruinosum),fungal,GH10,399.0,475.947,1.1928496240601505,377.0,10.0,0.0,18626.64,0.9448621553884712,0.025062656641604,0.0,46.68330827067669,Homology,MODELLER,Homology
C5J411,C5J411,Aspergillus niger,fungal,GH10,327.0,166.67,0.5096941896024464,289.0,19.0,1.0,13623.69,0.8837920489296636,0.0581039755351682,0.0030581039755351,41.66266055045872,Homology,MODELLER,Homology
D7REW5,D7REW5,Rhodonia placenta,fungal,GH10,341.0,299.696,0.8788739002932552,316.0,12.0,1.0,13868.57,0.9266862170087976,0.0351906158357771,0.002932551319648,40.670293255131966,Homology,MODELLER,Homology
E1B2N4,E1B2N4,Penicillium oxalicum,fungal,GH10,330.0,50.0311,0.1516093939393939,290.0,20.0,1.0,15224.0,0.8787878787878788,0.0606060606060606,0.003030303030303,46.13333333333333,Homology,MODELLER,Homology
E4ZH02,E4ZH02,Leptosphaeria maculans (strain JN3 / isolate v23.1.3 / race Av1-4-5-6-7-8) (Blackleg fungus) (Phoma lingam),fungal,GH10,353.0,354.63,1.0046175637393768,323.0,17.0,0.0,15499.51,0.9150141643059492,0.0481586402266288,0.0,43.907960339943344,Homology,MODELLER,Homology
E5A1T3,E5A1T3,Leptosphaeria maculans (strain JN3 / isolate v23.1.3 / race Av1-4-5-6-7-8) (Blackleg fungus) (Phoma lingam),fungal,GH10,452.0,294.833,0.6522853982300886,403.0,11.0,1.0,30420.41,0.8915929203539823,0.0243362831858407,0.0022123893805309,67.30179203539824,Homology,MODELLER,Homology
E5AEE4,E5AEE4,Leptosphaeria maculans (strain JN3 / isolate v23.1.3 / race Av1-4-5-6-7-8) (Blackleg fungus) (Phoma lingam),fungal,GH10,337.0,205.614,0.6101305637982196,308.0,17.0,1.0,16105.34,0.913946587537092,0.0504451038575667,0.0029673590504451,47.79032640949555,Homology,MODELLER,Homology
O13436,O13436,Naganishia adeliensis,fungal,GH10,338.0,517.901,1.5322514792899409,318.0,12.0,1.0,15032.5,0.940828402366864,0.0355029585798816,0.0029585798816568,44.47485207100592,Homology,MODELLER,Homology
O59859,O59859,Aspergillus aculeatus,fungal,GH10,327.0,148.974,0.4555779816513761,286.0,19.0,1.0,13359.92,0.8746177370030581,0.0581039755351682,0.0030581039755351,40.856024464831805,Homology,MODELLER,Homology
O59938,O59938,Fusarium oxysporum f. sp. lycopersici,fungal,GH10,328.0,207.199,0.631704268292683,288.0,14.0,1.0,14153.1,0.8780487804878049,0.0426829268292682,0.0030487804878048,43.14969512195122,Homology,MODELLER,Homology
O60206,O60206,Agaricus bisporus (White button mushroom),fungal,GH10,333.0,509.203,1.529138138138138,319.0,11.0,1.0,12994.16,0.957957957957958,0.033033033033033,0.003003003003003,39.021501501501504,Homology,MODELLER,Homology
O93976,O93976,Fusarium oxysporum f. sp. lycopersici,fungal,GH10,335.0,152.19,0.4542985074626866,323.0,9.0,0.0,16091.61,0.964179104477612,0.026865671641791,0.0,48.03465671641791,Homology,MODELLER,Homology
P07529,P07529,Naganishia albida (Cryptococcus albidus),fungal,GH10,332.0,361.223,1.0880210843373497,313.0,2.0,2.0,16338.9,0.9427710843373494,0.0060240963855421,0.0060240963855421,49.21355421686747,Homology,MODELLER,Homology
P29417,P29417,Penicillium chrysogenum (Penicillium notatum),fungal,GH10,353.0,145.167,0.4112379603399433,306.0,16.0,1.0,17013.97,0.8668555240793201,0.0453257790368272,0.0028328611898017,48.19821529745043,Homology,MODELLER,Homology
P79046,P79046,Humicola insolens (Soft-rot fungus),fungal,GH10,429.0,349.392,0.8144335664335665,399.0,17.0,1.0,25801.31,0.93006993006993,0.0396270396270396,0.0023310023310023,60.14291375291376,Homology,MODELLER,Homology
Q01176,Q01176,Pyricularia grisea (Crabgrass-specific blast fungus) (Magnaporthe grisea),fungal,GH10,331.0,134.476,0.4062719033232628,300.0,14.0,1.0,16003.89,0.9063444108761328,0.0422960725075528,0.0030211480362537,48.350120845921445,Homology,MODELLER,Homology
Q02290,Q02290,Neocallimastix patriciarum (Rumen fungus),fungal,GH10,860.0,3331.81,3.8741976744186046,836.0,10.0,0.0,72288.73,0.972093023255814,0.0116279069767441,0.0,84.05666279069767,Homology,MODELLER,Homology
Q0H904,Q0H904,Aspergillus fumigatus (strain ATCC MYA-4609 / CBS 101355 / FGSC A1100 / Af293) (Neosartorya fumigata),fungal,GH10,325.0,45.6629,0.1405012307692307,287.0,17.0,1.0,14873.24,0.8830769230769231,0.0523076923076923,0.003076923076923,45.76381538461538,Homology,MODELLER,Homology
Q2PGV8,Q2PGV8,Aureobasidium pullulans (Black yeast) (Pullularia pullulans),fungal,GH10,361.0,269.564,0.7467146814404433,334.0,11.0,2.0,16532.62,0.925207756232687,0.0304709141274238,0.0055401662049861,45.796731301939055,Homology,MODELLER,Homology
Q2TYA7,Q2TYA7,Aspergillus oryzae (strain ATCC 42149 / RIB 40) (Yellow koji mold),fungal,GH10,349.0,229.772,0.6583724928366762,323.0,14.0,2.0,15491.97,0.9255014326647564,0.0401146131805157,0.0057306590257879,44.38959885386819,Homology,MODELLER,Homology
Q2U7D0,Q2U7D0,Aspergillus oryzae (strain ATCC 42149 / RIB 40) (Yellow koji mold),fungal,GH10,327.0,68.3431,0.2090003058103975,289.0,16.0,1.0,13999.37,0.8837920489296636,0.0489296636085626,0.0030581039755351,42.81152905198777,Homology,MODELLER,Homology
Q3ZM13,Q3ZM13,Gibberella zeae (Wheat head blight fungus) (Fusarium graminearum),fungal,GH10,319.0,212.041,0.664705329153605,297.0,12.0,1.0,13796.45,0.9310344827586208,0.0376175548589341,0.0031347962382445,43.249059561128526,Homology,MODELLER,Homology
Q49SA1,Q49SA1,Gibberella zeae (Wheat head blight fungus) (Fusarium graminearum),fungal,GH10,327.0,207.389,0.634217125382263,293.0,15.0,0.0,14564.11,0.8960244648318043,0.0458715596330275,0.0,44.5385626911315,Homology,MODELLER,Homology
Q49SA4,Q49SA4,Gibberella zeae (Wheat head blight fungus) (Fusarium graminearum),fungal,GH10,447.0,246.524,0.5515078299776286,414.0,13.0,1.0,28971.47,0.9261744966442952,0.029082774049217,0.0022371364653243,64.81313199105146,Homology,MODELLER,Homology
Q4JHP5,Q4JHP5,Aspergillus terreus,fungal,GH10,326.0,49.7243,0.1525285276073619,291.0,17.0,0.0,15122.16,0.8926380368098159,0.0521472392638036,0.0,46.38699386503068,Homology,MODELLER,Homology
Q5AWC9,Q5AWC9,Emericella nidulans (strain FGSC A4 / ATCC 38163 / CBS 112.46 / NRRL 194 / M139) (Aspergillus nidulans),fungal,GH10,355.0,572.978,1.6140225352112674,341.0,5.0,1.0,14567.81,0.9605633802816902,0.0140845070422535,0.0028169014084507,41.036084507042254,Homology,MODELLER,Homology
Q5BAS4,Q5BAS4,Emericella nidulans (strain FGSC A4 / ATCC 38163 / CBS 112.46 / NRRL 194 / M139) (Aspergillus nidulans),fungal,GH10,357.0,385.823,1.0807366946778711,334.0,9.0,0.0,16191.17,0.9355742296918768,0.0252100840336134,0.0,45.35341736694678,Homology,MODELLER,Homology
Q5K098,Q5K098,Orpinomyces sp. OUS1,fungal,GH10,201.0,206.181,1.025776119402985,184.0,6.0,0.0,10863.04,0.9154228855721394,0.0298507462686567,0.0,54.04497512437811,Homology,MODELLER,Homology
Q5S7A8,Q5S7A8,Penicillium canescens,fungal,GH10,327.0,107.672,0.3292721712538226,293.0,20.0,1.0,13516.48,0.8960244648318043,0.0611620795107033,0.0030581039755351,41.33480122324159,Homology,MODELLER,Homology
Q5XQ46,Q5XQ46,Cryptovalsa sp. BCC 7197,fungal,GH10,325.0,88.714,0.2729661538461538,290.0,16.0,0.0,14809.16,0.8923076923076924,0.0492307692307692,0.0,45.56664615384615,Homology,MODELLER,Homology
Q5ZNB1,Q5ZNB1,Talaromyces funiculosus (Fruitlet core rot fungus) (Penicillium funiculosum),fungal,GH10,407.0,212.399,0.5218648648648648,379.0,12.0,1.0,22457.48,0.9312039312039312,0.0294840294840294,0.0024570024570024,55.178083538083534,Homology,MODELLER,Homology
Q6GXE5,Q6GXE5,Cochliobolus carbonum (Maize leaf spot fungus) (Bipolaris zeicola),fungal,GH10,331.0,130.903,0.395477341389728,301.0,19.0,0.0,15951.95,0.9093655589123868,0.0574018126888217,0.0,48.19320241691843,Homology,MODELLER,Homology
Q6PRW6,Q6PRW6,Penicillium chrysogenum (Penicillium notatum),fungal,GH10,353.0,141.281,0.4002294617563739,314.0,16.0,1.0,16836.08,0.8895184135977338,0.0453257790368272,0.0028328611898017,47.694277620396605,Homology,MODELLER,Homology
Q7S6C2,Q7S6C2,Neurospora crassa (strain ATCC 24698 / 74-OR23-1A / CBS 708.71 / DSM 1257 / FGSC 987),fungal,GH10,445.0,389.94,0.8762696629213483,423.0,18.0,0.0,27674.96,0.950561797752809,0.0404494382022471,0.0,62.1909213483146,Homology,MODELLER,Homology
Q7Z948,Q7Z948,Volvariella volvacea,fungal,GH10,367.0,435.477,1.1865858310626702,337.0,11.0,1.0,16461.51,0.9182561307901907,0.0299727520435967,0.0027247956403269,44.854250681198906,Homology,MODELLER,Homology
Q8TFC1,Q8TFC1,Fusarium oxysporum (Fusarium vascular wilt),fungal,GH10,335.0,155.646,0.4646149253731343,319.0,11.0,0.0,16218.31,0.9522388059701492,0.0328358208955223,0.0,48.41286567164179,Homology,MODELLER,Homology
Q8TGC1,Q8TGC1,Fusarium oxysporum (Fusarium vascular wilt),fungal,GH10,335.0,194.127,0.5794835820895523,320.0,9.0,0.0,15816.66,0.9552238805970148,0.026865671641791,0.0,47.2139104477612,Homology,MODELLER,Homology
Q8TGC2,Q8TGC2,Fusarium oxysporum (Fusarium vascular wilt),fungal,GH10,335.0,228.575,0.6823134328358209,322.0,9.0,0.0,15764.35,0.9611940298507464,0.026865671641791,0.0,47.05776119402985,Homology,MODELLER,Homology
Q8TGC3,Q8TGC3,Fusarium oxysporum (Fusarium vascular wilt),fungal,GH10,335.0,220.258,0.6574865671641791,320.0,10.0,0.0,15384.01,0.9552238805970148,0.0298507462686567,0.0,45.92241791044776,Homology,MODELLER,Homology
Q8TGC4,Q8TGC4,Fusarium oxysporum (Fusarium vascular wilt),fungal,GH10,335.0,155.456,0.4640477611940298,316.0,11.0,0.0,15956.47,0.9432835820895522,0.0328358208955223,0.0,47.63125373134328,Homology,MODELLER,Homology
Q9HEZ1,Q9HEZ1,Phanerodontia chrysosporium (White-rot fungus) (Sporotrichum pruinosum),fungal,GH10,408.0,490.375,1.2018995098039216,384.0,8.0,1.0,21066.76,0.9411764705882352,0.0196078431372549,0.0024509803921568,51.63421568627451,Homology,MODELLER,Homology
Q9HEZ2,Q9HEZ2,Phanerodontia chrysosporium (White-rot fungus) (Sporotrichum pruinosum),fungal,GH10,408.0,534.188,1.30928431372549,393.0,10.0,1.0,21027.06,0.9632352941176472,0.0245098039215686,0.0024509803921568,51.53691176470589,Homology,MODELLER,Homology
Q9HGX1,Q9HGX1,Agaricus bisporus (White button mushroom),fungal,GH10,325.0,146.217,0.4498984615384616,283.0,13.0,1.0,14156.29,0.8707692307692307,0.04,0.003076923076923,43.55781538461539,Homology,MODELLER,Homology
Q9P8J1,Q9P8J1,Talaromyces purpureogenus (Soft rot fungus) (Penicillium purpureogenum),fungal,GH10,329.0,41.6657,0.1266434650455927,292.0,17.0,1.0,14282.61,0.8875379939209727,0.0516717325227963,0.0030395136778115,43.41218844984802,Homology,MODELLER,Homology
Q9P955,Q9P955,Aspergillus sojae,fungal,GH10,323.0,72.2909,0.2238108359133126,286.0,18.0,1.0,14341.25,0.8854489164086687,0.0557275541795665,0.0030959752321981,44.40015479876161,Homology,MODELLER,Homology
W0HFK8,W0HFK8,Rhizopus oryzae (Mucormycosis agent) (Rhizopus arrhizus var. delemar),fungal,GH10,331.0,155.8,0.4706948640483384,294.0,15.0,1.0,14183.78,0.8882175226586103,0.0453172205438066,0.0030211480362537,42.85129909365559,Homology,MODELLER,Homology
A0T2F0,A0T2F0,Hypocrea rufa (Trichoderma viride),fungal,GH11,229.0,209.958,0.9168471615720524,265.0,5.0,0.0,12278.81,1.1572052401746724,0.0218340611353711,0.0,53.61925764192139,Homology,MODELLER,Homology
A1CCU0,A1CCU0,Aspergillus clavatus (strain ATCC 1007 / CBS 513.65 / DSM 816 / NCTC 3887 / NRRL 1 / QM 1276 / 107),fungal,GH11,229.0,351.709,1.5358471615720524,223.0,0.0,0.0,12819.64,0.9737991266375546,0.0,0.0,55.98096069868996,Homology,MODELLER,Homology
A2I7V2,A2I7V2,Aspergillus versicolor,fungal,GH11,206.0,326.394,1.5844368932038837,199.0,0.0,0.0,12373.78,0.9660194174757282,0.0,0.0,60.066893203883495,Homology,MODELLER,Homology
A6N2L8,A6N2L8,Aspergillus usamii (Aspergillus shirousami),fungal,GH11,184.0,328.406,1.7848152173913043,175.0,0.0,0.0,11974.52,0.9510869565217392,0.0,0.0,65.07891304347827,Homology,MODELLER,Homology
A6N2L9,A6N2L9,Aspergillus usamii (Aspergillus shirousami),fungal,GH11,184.0,396.535,2.1550815217391306,183.0,0.0,0.0,11310.94,0.9945652173913044,0.0,0.0,61.4725,Homology,MODELLER,Homology
A6N2M0,A6N2M0,Aspergillus usamii (Aspergillus shirousami),fungal,GH11,184.0,336.517,1.8288967391304347,179.0,1.0,0.0,11698.32,0.9728260869565216,0.0054347826086956,0.0,63.57782608695652,Homology,MODELLER,Homology
A6N2M1,A6N2M1,Aspergillus usamii (Aspergillus shirousami),fungal,GH11,184.0,377.548,2.051891304347826,177.0,1.0,0.0,11194.33,0.9619565217391304,0.0054347826086956,0.0,60.83875,Homology,MODELLER,Homology
A6N2M2,A6N2M2,Aspergillus usamii (Aspergillus shirousami),fungal,GH11,184.0,338.381,1.8390271739130435,182.0,1.0,0.0,10809.23,0.9891304347826086,0.0054347826086956,0.0,58.7458152173913,Homology,MODELLER,Homology
A6YAP7,A6YAP7,Leucoagaricus gongylophorus (Leaf-cutting ant fungus),fungal,GH11,234.0,118.466,0.5062649572649572,268.0,5.0,1.0,13210.35,1.1452991452991452,0.0213675213675213,0.0042735042735042,56.45448717948718,Homology,MODELLER,Homology
A8TGA1,A8TGA1,Neocallimastix patriciarum (Rumen fungus),fungal,GH11,335.0,529.736,1.5813014925373134,371.0,2.0,0.0,23530.24,1.1074626865671642,0.0059701492537313,0.0,70.23952238805971,Homology,MODELLER,Homology
B0FEV6,B0FEV6,Piromyces communis,fungal,GH11,362.0,507.531,1.4020193370165746,400.0,9.0,0.0,18669.21,1.1049723756906078,0.0248618784530386,0.0,51.572403314917125,Homology,MODELLER,Homology
B0FIU1,B0FIU1,Saitozyma flava (Cryptococcus flavus),fungal,GH11,209.0,331.881,1.5879473684210526,213.0,3.0,0.0,12886.43,1.0191387559808611,0.0143540669856459,0.0,61.65755980861244,Homology,MODELLER,Homology
B0FX60,B0FX60,Pleurotus ostreatus (Oyster mushroom) (White-rot fungus),fungal,GH11,282.0,286.423,1.0156843971631206,319.0,2.0,0.0,16749.46,1.1312056737588652,0.0070921985815602,0.0,59.39524822695035,Homology,MODELLER,Homology
B0FX61,B0FX61,Annulohypoxylon stygium,fungal,GH11,216.0,345.805,1.6009490740740742,217.0,0.0,0.0,11814.53,1.0046296296296295,0.0,0.0,54.69689814814815,Homology,MODELLER,Homology
B2A9A1,B2A9A1,Podospora anserina (strain S / ATCC MYA-4624 / DSM 980 / FGSC 10383) (Pleurage anserina),fungal,GH11,224.0,251.592,1.1231785714285716,257.0,5.0,0.0,10984.82,1.1473214285714286,0.0223214285714285,0.0,49.039375,Homology,MODELLER,Homology
B2A9I4,B2A9I4,Podospora anserina (strain S / ATCC MYA-4624 / DSM 980 / FGSC 10383) (Pleurage anserina),fungal,GH11,223.0,164.143,0.7360672645739911,258.0,3.0,0.0,11590.27,1.15695067264574,0.0134529147982062,0.0,51.97430493273543,Homology,MODELLER,Homology
B2AC12,B2AC12,Podospora anserina (strain S / ATCC MYA-4624 / DSM 980 / FGSC 10383) (Pleurage anserina),fungal,GH11,287.0,153.021,0.5331742160278745,322.0,5.0,0.0,20171.69,1.1219512195121952,0.0174216027874564,0.0,70.28463414634146,Homology,MODELLER,Homology
B2AMH4,B2AMH4,Podospora anserina (strain S / ATCC MYA-4624 / DSM 980 / FGSC 10383) (Pleurage anserina),fungal,GH11,214.0,240.922,1.125803738317757,248.0,4.0,0.0,11541.88,1.158878504672897,0.0186915887850467,0.0,53.93401869158878,Homology,MODELLER,Homology
B2B1K0,B2B1K0,Podospora anserina (strain S / ATCC MYA-4624 / DSM 980 / FGSC 10383) (Pleurage anserina),fungal,GH11,240.0,385.577,1.6065708333333333,282.0,7.0,0.0,12931.21,1.175,0.0291666666666666,0.0,53.88004166666666,Homology,MODELLER,Homology
B2CZF9,B2CZF9,Hypocrea jecorina (Trichoderma reesei),fungal,GH11,196.0,75.8646,0.3870642857142857,231.0,8.0,0.0,8886.04,1.1785714285714286,0.0408163265306122,0.0,45.336938775510205,Homology,MODELLER,Homology
B3VSG7,B3VSG7,Botryotinia fuckeliana (strain B05.10) (Noble rot fungus) (Botrytis cinerea),fungal,GH11,227.0,153.423,0.6758722466960353,260.0,2.0,0.0,11590.04,1.145374449339207,0.0088105726872246,0.0,51.05744493392071,Homology,MODELLER,Homology
B5B3U7,B5B3U7,Neocallimastix sp. GMLF1,fungal,GH11,266.0,533.682,2.0063233082706766,291.0,7.0,0.0,14237.79,1.093984962406015,0.0263157894736842,0.0,53.52552631578948,Homology,MODELLER,Homology
B6F254,B6F254,Penicillium chrysogenum (Penicillium notatum),fungal,GH11,216.0,379.272,1.7558888888888888,196.0,0.0,0.0,11414.83,0.9074074074074074,0.0,0.0,52.84643518518519,Homology,MODELLER,Homology
B7SIW1,B7SIW1,Phanerodontia chrysosporium (White-rot fungus) (Sporotrichum pruinosum),fungal,GH11,290.0,224.635,0.774603448275862,320.0,1.0,0.0,19242.65,1.103448275862069,0.0034482758620689,0.0,66.35396551724138,Homology,MODELLER,Homology
B8YG19,B8YG19,Neocallimastix patriciarum (Rumen fungus),fungal,GH11,671.0,1855.11,2.7646944858420266,690.0,4.0,0.0,61035.81,1.0283159463487332,0.0059612518628912,0.0,90.96245901639344,Homology,MODELLER,Homology
B8YQ34,B8YQ34,Neocallimastix sp. GMLF2,fungal,GH11,267.0,413.388,1.5482696629213482,298.0,5.0,0.0,15147.13,1.1161048689138575,0.0187265917602996,0.0,56.73082397003745,Homology,MODELLER,Homology
C0LZ11,C0LZ11,Aspergillus niger,fungal,GH11,211.0,395.788,1.8757725118483413,203.0,1.0,0.0,12763.61,0.962085308056872,0.0047393364928909,0.0,60.49104265402844,Homology,MODELLER,Homology
C3VEV7,C3VEV7,Penicillium canescens,fungal,GH11,243.0,344.268,1.4167407407407406,221.0,0.0,0.0,13393.55,0.9094650205761317,0.0,0.0,55.11748971193416,Homology,MODELLER,Homology
C3VEW0,C3VEW0,Penicillium canescens,fungal,GH11,210.0,325.014,1.5476857142857143,204.0,0.0,0.0,13226.49,0.9714285714285714,0.0,0.0,62.983285714285714,Homology,MODELLER,Homology
C6FGW6,C6FGW6,Bispora sp. MEY-1,fungal,GH11,230.0,361.678,1.5725130434782608,219.0,3.0,0.0,12553.35,0.9521739130434784,0.0130434782608695,0.0,54.57978260869565,Homology,MODELLER,Homology
D1G4K3,D1G4K3,Paecilomyces sp. 'thermophila',fungal,GH11,226.0,77.18,0.3415044247787611,258.0,7.0,1.0,12651.39,1.1415929203539823,0.0309734513274336,0.0044247787610619,55.979601769911504,Homology,MODELLER,Homology
D1GFE6,D1GFE6,Penicillium sp. CGMCC 1669,fungal,GH11,217.0,395.935,1.8245852534562208,201.0,3.0,0.0,11103.89,0.9262672811059908,0.0138248847926267,0.0,51.17,Homology,MODELLER,Homology
D1LGU1,D1LGU1,Orpinomyces sp. FCT 2,fungal,GH11,148.0,300.467,2.0301824324324325,152.0,3.0,0.0,7959.73,1.027027027027027,0.0202702702702702,0.0,53.78195945945946,Homology,MODELLER,Homology
D2XV89,D2XV89,Trichoderma sp. SC9,fungal,GH11,222.0,71.633,0.3226711711711711,261.0,6.0,0.0,12260.98,1.1756756756756757,0.027027027027027,0.0,55.22963963963964,Homology,MODELLER,Homology
D3JYP8,D3JYP8,Penicillium decumbens,fungal,GH11,219.0,335.469,1.531821917808219,217.0,1.0,0.0,11188.75,0.9908675799086758,0.0045662100456621,0.0,51.09018264840183,Homology,MODELLER,Homology
E0X4B3,E0X4B3,Aspergillus fumigatus (Neosartorya fumigata),fungal,GH11,221.0,362.287,1.639307692307692,197.0,0.0,0.0,11743.4,0.8914027149321267,0.0,0.0,53.13755656108597,Homology,MODELLER,Homology
E3UN71,E3UN71,Aspergillus niger,fungal,GH11,211.0,309.684,1.467696682464455,198.0,0.0,0.0,13046.1,0.9383886255924172,0.0,0.0,61.829857819905214,Homology,MODELLER,Homology
E4ZRR9,E4ZRR9,Leptosphaeria maculans (strain JN3 / isolate v23.1.3 / race Av1-4-5-6-7-8) (Blackleg fungus) (Phoma lingam),fungal,GH11,227.0,125.881,0.5545418502202644,258.0,4.0,0.0,12820.43,1.1365638766519823,0.0176211453744493,0.0,56.47766519823789,Homology,MODELLER,Homology
E5A0Q4,E5A0Q4,Leptosphaeria maculans (strain JN3 / isolate v23.1.3 / race Av1-4-5-6-7-8) (Blackleg fungus) (Phoma lingam),fungal,GH11,264.0,395.895,1.4996022727272726,308.0,5.0,0.0,16213.27,1.1666666666666667,0.0189393939393939,0.0,61.41390151515152,Homology,MODELLER,Homology
E7EF85,E7EF85,Penicillium oxalicum,fungal,GH11,310.0,249.2,0.8038709677419354,351.0,3.0,0.0,19944.05,1.132258064516129,0.0096774193548387,0.0,64.33564516129032,Homology,MODELLER,Homology
P35809,P35809,Schizophyllum commune (Split gill fungus),fungal,GH11,197.0,101.669,0.5160862944162437,230.0,4.0,1.0,8582.82,1.16751269035533,0.0203045685279187,0.0050761421319796,43.56761421319797,Homology,MODELLER,Homology
P55331,P55331,Aspergillus tubingensis,fungal,GH11,211.0,365.677,1.7330663507109003,202.0,2.0,0.0,12782.22,0.957345971563981,0.0094786729857819,0.0,60.579241706161135,Homology,MODELLER,Homology
P55332,P55332,Emericella nidulans (strain FGSC A4 / ATCC 38163 / CBS 112.46 / NRRL 194 / M139) (Aspergillus nidulans),fungal,GH11,225.0,368.095,1.635977777777778,218.0,0.0,0.0,11845.17,0.9688888888888888,0.0,0.0,52.6452,Homology,MODELLER,Homology
P55333,P55333,Emericella nidulans (strain FGSC A4 / ATCC 38163 / CBS 112.46 / NRRL 194 / M139) (Aspergillus nidulans),fungal,GH11,221.0,111.39,0.504027149321267,253.0,3.0,0.0,11176.72,1.1447963800904977,0.0135746606334841,0.0,50.57339366515837,Homology,MODELLER,Homology
P55334,P55334,Humicola insolens (Soft-rot fungus),fungal,GH11,227.0,115.033,0.5067533039647577,260.0,4.0,0.0,13604.31,1.145374449339207,0.0176211453744493,0.0,59.93088105726872,Homology,MODELLER,Homology
Q00350,Q00350,Cochliobolus carbonum (Maize leaf spot fungus) (Bipolaris zeicola),fungal,GH11,231.0,122.201,0.5290086580086579,266.0,5.0,0.0,14062.17,1.1515151515151516,0.0216450216450216,0.0,60.8751948051948,Homology,MODELLER,Homology
Q00351,Q00351,Cochliobolus carbonum (Maize leaf spot fungus) (Bipolaris zeicola),fungal,GH11,222.0,273.398,1.2315225225225226,261.0,2.0,0.0,10554.63,1.1756756756756757,0.009009009009009,0.0,47.54337837837838,Homology,MODELLER,Homology
Q01421,Q01421,Neocallimastix frontalis (Rumen fungus),fungal,GH11,607.0,1927.31,3.175140032948929,578.0,6.0,0.0,63674.65,0.9522240527182868,0.0098846787479406,0.0,104.9005766062603,Homology,MODELLER,Homology
Q01426,Q01426,Neocallimastix frontalis (Rumen fungus),fungal,GH11,266.0,342.566,1.287842105263158,310.0,10.0,0.0,15734.05,1.1654135338345866,0.037593984962406,0.0,59.150563909774434,Homology,MODELLER,Homology
Q06AK8,Q06AK8,Thermochaetoides thermophila,fungal,GH11,266.0,125.622,0.4722631578947368,301.0,5.0,0.0,16958.38,1.131578947368421,0.018796992481203,0.0,63.7533082706767,Homology,MODELLER,Homology
Q0GA11,Q0GA11,Arcopilus cupreus,fungal,GH11,229.0,261.173,1.1404934497816597,263.0,1.0,0.0,11370.78,1.148471615720524,0.0043668122270742,0.0,49.65406113537118,Homology,MODELLER,Homology
Q0Q592,Q0Q592,Alternaria sp. HB186,fungal,GH11,231.0,131.421,0.5689220779220779,265.0,5.0,0.0,13295.28,1.147186147186147,0.0216450216450216,0.0,57.55532467532468,Homology,MODELLER,Homology
Q0ZBK9,Q0ZBK9,Acrophialophora nainiana,fungal,GH11,235.0,220.438,0.9380340425531914,275.0,2.0,0.0,12694.55,1.1702127659574468,0.0085106382978723,0.0,54.01936170212765,Homology,MODELLER,Homology
Q0ZBL0,Q0ZBL0,Acrophialophora nainiana,fungal,GH11,222.0,109.745,0.4943468468468469,257.0,2.0,0.0,11539.12,1.1576576576576576,0.009009009009009,0.0,51.97801801801802,Homology,MODELLER,Homology
Q0ZHI9,Q0ZHI9,Verticillium dahliae (Verticillium wilt),fungal,GH11,250.0,134.239,0.536956,282.0,4.0,0.0,15318.83,1.128,0.016,0.0,61.27532,Homology,MODELLER,Homology
Q12549,Q12549,Aspergillus niger,fungal,GH11,211.0,281.118,1.3323127962085308,204.0,1.0,0.0,13443.17,0.966824644549763,0.0047393364928909,0.0,63.71170616113744,Homology,MODELLER,Homology
Q12550,Q12550,Aspergillus niger,fungal,GH11,211.0,276.334,1.3096398104265403,207.0,0.0,0.0,13258.96,0.981042654028436,0.0,0.0,62.83867298578198,Homology,MODELLER,Homology
Q12562,Q12562,Aureobasidium pullulans (Black yeast) (Pullularia pullulans),fungal,GH11,221.0,361.899,1.637552036199095,215.0,0.0,0.0,13398.91,0.9728506787330315,0.0,0.0,60.628552036199096,Homology,MODELLER,Homology
Q12579,Q12579,Achaetomiella gracilis,fungal,GH11,219.0,79.3791,0.3624616438356164,253.0,2.0,0.0,11994.28,1.1552511415525115,0.0091324200913242,0.0,54.76840182648402,Homology,MODELLER,Homology
Q12580,Q12580,Achaetomiella gracilis,fungal,GH11,241.0,106.404,0.4415103734439833,275.0,3.0,0.0,13540.89,1.1410788381742738,0.0124481327800829,0.0,56.18626556016597,Homology,MODELLER,Homology
Q12667,Q12667,Piromyces sp,fungal,GH11,625.0,671.619,1.0745904,664.0,11.0,2.0,60907.15,1.0624,0.0176,0.0032,97.45144,Homology,MODELLER,Homology
Q19N51,Q19N51,Neocallimastix frontalis (Rumen fungus),fungal,GH11,300.0,487.457,1.6248566666666666,336.0,4.0,0.0,15837.6,1.12,0.0133333333333333,0.0,52.792,Homology,MODELLER,Homology
Q2I0I8,Q2I0I8,Aspergillus sulphureus,fungal,GH11,211.0,299.453,1.419208530805687,202.0,0.0,0.0,12978.58,0.957345971563981,0.0,0.0,61.509857819905214,Homology,MODELLER,Homology
Q2PQU3,Q2PQU3,Aspergillus phoenicis (Aspergillus saitoi),fungal,GH11,97.0,35.6556,0.3675835051546391,107.0,3.0,0.0,6058.87,1.1030927835051547,0.0309278350515463,0.0,62.46257731958763,Homology,MODELLER,Homology
Q38Q19,Q38Q19,Plectosphaerella cucumerina,fungal,GH11,227.0,64.2596,0.2830819383259912,259.0,8.0,1.0,12970.18,1.1409691629955947,0.0352422907488986,0.0044052863436123,57.13735682819383,Homology,MODELLER,Homology
Q3KT08,Q3KT08,uncultured Neocallimastigales,fungal,GH11,295.0,374.578,1.2697559322033898,335.0,2.0,0.0,18077.15,1.1355932203389831,0.0067796610169491,0.0,61.27847457627119,Homology,MODELLER,Homology
Q49SA5,Q49SA5,Gibberella zeae (Wheat head blight fungus) (Fusarium graminearum),fungal,GH11,228.0,119.943,0.5260657894736842,261.0,8.0,0.0,11927.99,1.144736842105263,0.0350877192982456,0.0,52.31574561403509,Homology,MODELLER,Homology
Q49UB8,Q49UB8,Piromyces sp. RRY-2002,fungal,GH11,277.0,361.75,1.305956678700361,321.0,5.0,0.0,16802.69,1.1588447653429603,0.0180505415162454,0.0,60.65953068592057,Homology,MODELLER,Homology
Q5YB84,Q5YB84,Neocallimastix frontalis (Rumen fungus),fungal,GH11,607.0,1573.79,2.592734761120264,597.0,6.0,0.0,64394.66,0.9835255354200988,0.0098846787479406,0.0,106.08675453047776,Homology,MODELLER,Homology
Q69IF9,Q69IF9,Neocallimastix frontalis (Rumen fungus),fungal,GH11,342.0,516.605,1.5105409356725146,382.0,8.0,0.0,16666.11,1.1169590643274854,0.023391812865497,0.0,48.73131578947368,Homology,MODELLER,Homology
Q69IG0,Q69IG0,Neocallimastix frontalis (Rumen fungus),fungal,GH11,337.0,414.98,1.2313946587537092,377.0,8.0,0.0,18087.85,1.1186943620178045,0.0237388724035608,0.0,53.67314540059347,Homology,MODELLER,Homology
Q69IG1,Q69IG1,Neocallimastix frontalis (Rumen fungus),fungal,GH11,341.0,454.509,1.3328709677419357,375.0,7.0,0.0,17923.83,1.099706744868035,0.0205278592375366,0.0,52.5625513196481,Homology,MODELLER,Homology
Q69IG2,Q69IG2,Neocallimastix frontalis (Rumen fungus),fungal,GH11,341.0,453.591,1.3301788856304986,377.0,7.0,0.0,18294.14,1.1055718475073313,0.0205278592375366,0.0,53.64850439882698,Homology,MODELLER,Homology
Q69IG3,Q69IG3,Neocallimastix frontalis (Rumen fungus),fungal,GH11,341.0,445.607,1.3067653958944283,371.0,7.0,0.0,18814.22,1.0879765395894427,0.0205278592375366,0.0,55.173665689149566,Homology,MODELLER,Homology
Q69IG4,Q69IG4,Neocallimastix frontalis (Rumen fungus),fungal,GH11,341.0,446.939,1.3106715542521994,382.0,7.0,0.0,18326.05,1.1202346041055715,0.0205278592375366,0.0,53.74208211143695,Homology,MODELLER,Homology
Q69IG5,Q69IG5,Neocallimastix patriciarum (Rumen fungus),fungal,GH11,337.0,403.123,1.1962106824925816,381.0,7.0,0.0,17625.19,1.1305637982195846,0.0207715133531157,0.0,52.30026706231454,Homology,MODELLER,Homology
Q69IG7,Q69IG7,Neocallimastix patriciarum (Rumen fungus),fungal,GH11,341.0,441.389,1.2943958944281526,380.0,6.0,0.0,18603.42,1.1143695014662756,0.0175953079178885,0.0,54.55548387096773,Homology,MODELLER,Homology
Q69IG9,Q69IG9,Neocallimastix frontalis (Rumen fungus),fungal,GH11,341.0,442.496,1.2976422287390028,383.0,8.0,0.0,18402.77,1.1231671554252198,0.0234604105571847,0.0,53.96706744868035,Homology,MODELLER,Homology
Q6QJ75,Q6QJ75,Aspergillus niger,fungal,GH11,211.0,375.02,1.777345971563981,201.0,0.0,0.0,12949.39,0.95260663507109,0.0,0.0,61.371516587677725,Homology,MODELLER,Homology
Q6UN40,Q6UN40,Thermochaetoides thermophila,fungal,GH11,267.0,120.211,0.4502284644194756,300.0,5.0,0.0,17325.92,1.1235955056179776,0.0187265917602996,0.0,64.8910861423221,Homology,MODELLER,Homology
Q70T28,Q70T28,Exserohilum turcicum (Northern leaf blight fungus) (Setosphaeria turcica),fungal,GH11,231.0,125.097,0.5415454545454546,265.0,2.0,0.0,13606.53,1.147186147186147,0.0086580086580086,0.0,58.90272727272728,Homology,MODELLER,Homology
Q766V1,Q766V1,Humicola insolens (Soft-rot fungus),fungal,GH11,235.0,338.761,1.441536170212766,267.0,3.0,0.0,12565.55,1.1361702127659574,0.0127659574468085,0.0,53.47042553191489,Homology,MODELLER,Homology
Q7Z8B8,Q7Z8B8,Neocallimastix frontalis (Rumen fungus),fungal,GH11,337.0,466.581,1.384513353115727,376.0,12.0,0.0,15922.73,1.1157270029673592,0.0356083086053412,0.0,47.24845697329377,Homology,MODELLER,Homology
Q7Z8Q3,Q7Z8Q3,Hypocrea rufa (Trichoderma viride),fungal,GH11,223.0,67.6678,0.3034430493273543,259.0,5.0,0.0,12163.98,1.1614349775784754,0.0224215246636771,0.0,54.546995515695066,Homology,MODELLER,Homology
Q8J0K5,Q8J0K5,Talaromyces funiculosus (Fruitlet core rot fungus) (Penicillium funiculosum),fungal,GH11,282.0,554.33,1.9657092198581565,313.0,4.0,0.0,16903.46,1.1099290780141844,0.0141843971631205,0.0,59.94134751773049,Homology,MODELLER,Homology
Q8J0T4,Q8J0T4,Trichoderma sp. SY,fungal,GH11,220.0,85.0731,0.386695909090909,256.0,7.0,0.0,11832.55,1.1636363636363636,0.0318181818181818,0.0,53.78431818181818,Homology,MODELLER,Homology
Q8J1V4,Q8J1V4,Thermochaetoides thermophila,fungal,GH11,224.0,119.337,0.5327544642857143,256.0,9.0,0.0,11639.84,1.1428571428571428,0.0401785714285714,0.0,51.96357142857143,Homology,MODELLER,Homology
Q8J1V5,Q8J1V5,Thermochaetoides thermophila,fungal,GH11,230.0,288.083,1.2525347826086957,223.0,1.0,0.0,12145.4,0.9695652173913044,0.0043478260869565,0.0,52.80608695652174,Homology,MODELLER,Homology
Q92257,Q92257,Orpinomyces sp. (strain PC-2),fungal,GH11,362.0,477.601,1.3193397790055248,399.0,10.0,0.0,19500.92,1.1022099447513811,0.0276243093922651,0.0,53.86994475138121,Homology,MODELLER,Homology
Q92397,Q92397,Cryptococcus sp. S-2,fungal,GH11,209.0,291.782,1.3960861244019138,197.0,0.0,0.0,13279.59,0.9425837320574164,0.0,0.0,63.53870813397129,Homology,MODELLER,Homology
Q96TR7,Q96TR7,Aureobasidium pullulans (Black yeast) (Pullularia pullulans),fungal,GH11,221.0,356.375,1.612556561085973,216.0,1.0,0.0,12821.62,0.9773755656108596,0.004524886877828,0.0,58.01638009049774,Homology,MODELLER,Homology
Q96UV7,Q96UV7,Lentinula edodes (Shiitake mushroom) (Lentinus edodes),fungal,GH11,283.0,178.753,0.6316360424028268,313.0,1.0,0.0,18514.64,1.1060070671378093,0.0035335689045936,0.0,65.42275618374558,Homology,MODELLER,Homology
Q96W72,Q96W72,Talaromyces purpureogenus (Soft rot fungus) (Penicillium purpureogenum),fungal,GH11,208.0,345.909,1.6630240384615385,199.0,0.0,0.0,13941.09,0.9567307692307692,0.0,0.0,67.02447115384615,Homology,MODELLER,Homology
Q9C1G6,Q9C1G6,Aspergillus niger,fungal,GH11,103.0,54.9688,0.5336776699029127,107.0,2.0,0.0,7766.91,1.0388349514563109,0.0194174757281553,0.0,75.4068932038835,Homology,MODELLER,Homology
Q9HDL7,Q9HDL7,Cochliobolus heterostrophus (Southern corn leaf blight fungus) (Bipolaris maydis),fungal,GH11,114.0,60.3765,0.5296184210526316,126.0,4.0,0.0,6524.03,1.105263157894737,0.0350877192982456,0.0,57.22833333333333,Homology,MODELLER,Homology
Q9HEN3,Q9HEN3,Curvularia spicifera,fungal,GH11,114.0,75.1747,0.6594271929824561,126.0,2.0,0.0,6517.05,1.105263157894737,0.0175438596491228,0.0,57.16710526315789,Homology,MODELLER,Homology
Q9HEN4,Q9HEN4,Curvularia spicifera,fungal,GH11,114.0,41.4603,0.3636868421052631,128.0,4.0,0.0,6425.74,1.1228070175438596,0.0350877192982456,0.0,56.36614035087719,Homology,MODELLER,Homology
Q9HEN5,Q9HEN5,Cochliobolus sativus (Common root rot and spot blotch fungus) (Bipolaris sorokiniana),fungal,GH11,114.0,48.0938,0.4218754385964912,125.0,4.0,0.0,6530.02,1.0964912280701755,0.0350877192982456,0.0,57.28087719298246,Homology,MODELLER,Homology
Q9HEN6,Q9HEN6,Cochliobolus sativus (Common root rot and spot blotch fungus) (Bipolaris sorokiniana),fungal,GH11,114.0,49.3563,0.43295,123.0,3.0,0.0,6607.59,1.0789473684210529,0.0263157894736842,0.0,57.96131578947369,Homology,MODELLER,Homology
Q9HEN7,Q9HEN7,Cochliobolus heterostrophus (Southern corn leaf blight fungus) (Bipolaris maydis),fungal,GH11,114.0,59.6766,0.523478947368421,125.0,4.0,0.0,6434.24,1.0964912280701755,0.0350877192982456,0.0,56.44070175438596,Homology,MODELLER,Homology
Q9HEP2,Q9HEP2,Bipolaris sorghicola,fungal,GH11,114.0,57.747,0.5065526315789474,125.0,3.0,0.0,6366.17,1.0964912280701755,0.0263157894736842,0.0,55.84359649122807,Homology,MODELLER,Homology
Q9HEY9,Q9HEY9,Phanerodontia chrysosporium (White-rot fungus) (Sporotrichum pruinosum),fungal,GH11,290.0,215.326,0.742503448275862,326.0,2.0,0.0,19198.79,1.1241379310344828,0.0068965517241379,0.0,66.20272413793104,Homology,MODELLER,Homology
Q9HEZ0,Q9HEZ0,Phanerodontia chrysosporium (White-rot fungus) (Sporotrichum pruinosum),fungal,GH11,290.0,209.691,0.7230724137931035,322.0,2.0,0.0,19349.67,1.110344827586207,0.0068965517241379,0.0,66.723,Homology,MODELLER,Homology
Q9HFT3,Q9HFT3,Piromyces communis,fungal,GH11,224.0,246.366,1.0998482142857144,267.0,9.0,0.0,11112.19,1.1919642857142858,0.0401785714285714,0.0,49.60799107142857,Homology,MODELLER,Homology
Q9UUQ2,Q9UUQ2,Penicillium sp. 40,fungal,GH11,221.0,341.688,1.5460995475113122,211.0,3.0,0.0,11706.56,0.9547511312217196,0.0135746606334841,0.0,52.97085972850679,Homology,MODELLER,Homology
Q9UVF9,Q9UVF9,Hypocrea rufa (Trichoderma viride),fungal,GH11,223.0,61.5045,0.275804932735426,259.0,6.0,0.0,12405.97,1.1614349775784754,0.0269058295964125,0.0,55.63215246636771,Homology,MODELLER,Homology
Q9UVY9,Q9UVY9,Phaeosphaeria nodorum (Glume blotch fungus) (Parastagonospora nodorum),fungal,GH11,122.0,103.488,0.8482622950819672,135.0,2.0,0.0,7202.08,1.1065573770491803,0.0163934426229508,0.0,59.03344262295082,Homology,MODELLER,Homology
Q9UVZ3,Q9UVZ3,Exserohilum turcicum (Northern leaf blight fungus) (Setosphaeria turcica),fungal,GH11,227.0,100.792,0.4440176211453744,258.0,5.0,0.0,13013.51,1.1365638766519823,0.0220264317180616,0.0,57.32823788546256,Homology,MODELLER,Homology
Q9UVZ4,Q9UVZ4,Gaeumannomyces avenae (Oat take-all root rot fungus) (Gaeumannomyces graminis var. avenae),fungal,GH11,116.0,66.2271,0.5709232758620689,123.0,0.0,0.0,6998.58,1.0603448275862069,0.0,0.0,60.33258620689655,Homology,MODELLER,Homology
Q9UW04,Q9UW04,Didymella rabiei (Chickpea ascochyta blight fungus) (Mycosphaerella rabiei),fungal,GH11,120.0,30.4993,0.2541608333333333,133.0,2.0,0.0,6248.84,1.1083333333333334,0.0166666666666666,0.0,52.07366666666667,Homology,MODELLER,Homology
Q9UW17,Q9UW17,Aureobasidium pullulans (Black yeast) (Pullularia pullulans),fungal,GH11,221.0,374.558,1.6948325791855203,220.0,1.0,0.0,12608.18,0.995475113122172,0.004524886877828,0.0,57.05058823529412,Homology,MODELLER,Homology
Q9Y7F2,Q9Y7F2,Scheffersomyces stipitis (Yeast) (Pichia stipitis),fungal,GH11,381.0,1198.88,3.146666666666667,415.0,12.0,0.0,21794.24,1.0892388451443569,0.0314960629921259,0.0,57.202729658792656,Homology,MODELLER,Homology
